festival_name,category,detailed_category,prohibited_behaviors
제20회 대한민국향토식문화대전(&남북음식문화축제),전통문화형,전통 시장 관광객 팁,"셀카봉 주의,유튜브 촬영 금지,상업용 촬영 허가,공연 중 촬영 금지,궁궐 애완동물 반입,박물관 큰 가방,문화재 자전거 킥보드,인화성 물질 반입,공연장 냄새나는 음식,공연 중 대화,박물관 아이들 소음,전시물 만지기,사찰 흡연 구역,전시관 동선 역주행,출입금지 구역 침입,관람 제한 구역,관광지 무단 투기,축제장 분리수거,길거리 음식 쓰레기,공연자 만지기,문화 해설사 방해,안내 요원 지시 불이행"
2023영호남전통시장박람회,전통문화형,전통 시장 관광객 팁,"셀카봉 주의,상업용 촬영 허가,공연 중 촬영 금지,인화성 물질 반입,공연장 냄새나는 음식,공연 중 대화,전시물 만지기,전시관 동선 역주행,출입금지 구역 침입,관람 제한 구역,관광지 무단 투기,축제장 분리수거,길거리 음식 쓰레기,공연자 만지기,안내 요원 지시 불이행"
대한민국 한옥문화 비엔날레 IN 영암,전통문화형,한옥마을 주민 사생활,"""한복 무단 촬영"",""국보급 문화재 촬영"",""삼각대 금지 박물관"",""셀카봉 주의"",""유튜브 촬영 금지"",""상업용 촬영 허가"",""드론 촬영 허가 문화재"",""공연 중 촬영 금지"",""문화 해설 중 녹음"",""박물관 큰 가방"",""문화재 자전거 킥보드"",""인화성 물질 반입"",""전시장 내부 물"",""공연장 냄새나는 음식"",""박물관 휴대폰 통화"",""공연 중 대화"",""한옥마을 밤 소음"",""박물관 아이들 소음"",""전시물 만지기"",""문화재 기대기"",""문화재 낙서 처벌"",""한옥 대문 열어보기"",""한옥 문고리 파손"",""전시관 동선 역주행"",""출입금지 구역 침입"",""관람 제한 구역"",""박물관 포토라인"",""한옥마을 사유지 침입"",""공사장 위험 구역"",""관광지 무단 투기"",""한옥마을 쓰레기 처리"",""축제장 분리수거"",""길거리 음식 쓰레기"",""전통 찻집 외부 음식"",""공연자 만지기"",""문화 해설사 방해"",""안내 요원 지시 불이행"""
도산서원 야간개장 밤의 서정(抒情),전통문화형,향교 서원 예절,"제사(제례) 사진 촬영,한복 무단 촬영,국보급 문화재 촬영,삼각대 금지 박물관,셀카봉 주의,유튜브 촬영 금지,상업용 촬영 허가,드론 촬영 허가 문화재,공연 중 촬영 금지,문화 해설 중 녹음,한복 훼손,궁궐 애완동물 반입,박물관 큰 가방,문화재 자전거 킥보드,궁궐 돗자리,인화성 물질 반입,전시장 내부 물,공연장 냄새나는 음식,궁궐 음주,박물관 휴대폰 통화,사찰 법당 휴대폰 벨소리,공연 중 대화,한옥마을 밤 소음,박물관 아이들 소음,전시물 만지기,문화재 기대기,문화재 낙서 처벌,한옥 대문 열어보기,한옥 문고리 파손,궁궐 꽃 꺾기,사찰 흡연 구역,제례 중 이동,전시관 동선 역주행,출입금지 구역 침입,관람 제한 구역,한옥마을 사유지 침입,관광지 무단 투기,한옥마을 쓰레기 처리,축제장 분리수거,길거리 음식 쓰레기,공연자 만지기,문화 해설사 방해,궁궐 야생동물 먹이주기,안내 요원 지시 불이행"
아시아송 페스티벌 X 문화잇지오,전통문화형,기타 전통문화,"셀카봉 주의,유튜브 촬영 금지,상업용 촬영 허가,공연 중 촬영 금지,박물관 큰 가방,인화성 물질 반입,공연장 냄새나는 음식,공연 중 대화,출입금지 구역 침입,관광지 무단 투기,축제장 분리수거,길거리 음식 쓰레기,공연자 만지기,안내 요원 지시 불이행"
아시아컬처마켓  도시 속 문화장터,전통문화형,전통 시장 관광객 팁,"""한복 무단 촬영"",""셀카봉 주의"",""상업용 촬영 허가"",""공연 중 촬영 금지"",""인화성 물질 반입"",""공연장 냄새나는 음식"",""공연 중 대화"",""전시물 만지기"",""출입금지 구역 침입"",""관람 제한 구역"",""관광지 무단 투기"",""축제장 분리수거"",""길거리 음식 쓰레기"",""공연자 만지기"",""안내 요원 지시 불이행"""
울산문화박람회,전통문화형,기타 전통문화,"셀카봉 주의,상업용 촬영 허가,공연 중 촬영 금지,궁궐 애완동물 반입,박물관 큰 가방,문화재 자전거 킥보드,인화성 물질 반입,전시장 내부 물,공연장 냄새나는 음식,궁궐 음주,박물관 휴대폰 통화,공연 중 대화,박물관 아이들 소음,전시물 만지기,문화재 기대기,문화재 낙서 처벌,궁궐 꽃 꺾기,사찰 흡연 구역,전시관 동선 역주행,출입금지 구역 침입,관람 제한 구역,공사장 위험 구역,관광지 무단 투기,축제장 분리수거,길거리 음식 쓰레기,공연자 만지기,안내 요원 지시 불이행"
제12회 경기정원문화박람회,전통문화형,기타 전통문화,"셀카봉 주의,상업용 촬영 허가,드론 촬영 허가 문화재,공연 중 촬영 금지,문화 해설 중 녹음,궁궐 애완동물 반입,문화재 자전거 킥보드,궁궐 돗자리,인화성 물질 반입,공연장 냄새나는 음식,궁궐 음주,공연 중 대화,전시물 만지기,문화재 기대기,문화재 낙서 처벌,궁궐 꽃 꺾기,사찰 흡연 구역,전시관 동선 역주행,출입금지 구역 침입,관람 제한 구역,공사장 위험 구역,관광지 무단 투기,축제장 분리수거,길거리 음식 쓰레기,공연자 만지기,문화 해설사 방해,궁궐 야생동물 먹이주기,안내 요원 지시 불이행"
진주 세계민속예술 비엔날레,전통문화형,국악 공연 관람 예절,"셀카봉 주의,유튜브 촬영 금지,상업용 촬영 허가,공연 중 촬영 금지,박물관 큰 가방,문화재 자전거 킥보드,인화성 물질 반입,전시장 내부 물,공연장 냄새나는 음식,공연 중 대화,전시물 만지기,전시관 동선 역주행,출입금지 구역 침입,관광지 무단 투기,축제장 분리수거,길거리 음식 쓰레기,공연자 만지기,안내 요원 지시 불이행"
2024년 청년문화포럼 3회차,전통문화형,기타 전통문화,"셀카봉 주의,유튜브 촬영 금지,상업용 촬영 허가,공연 중 촬영 금지,문화 해설 중 녹음,인화성 물질 반입,전시장 내부 물,공연장 냄새나는 음식,박물관 휴대폰 통화,공연 중 대화,박물관 아이들 소음,출입금지 구역 침입,관람 제한 구역,축제장 분리수거,공연자 만지기,문화 해설사 방해,안내 요원 지시 불이행"
경주국악여행 '국악한판',전통문화형,국악 공연 관람 예절,"셀카봉 주의,유튜브 촬영 금지,상업용 촬영 허가,공연 중 촬영 금지,인화성 물질 반입,공연장 냄새나는 음식,공연 중 대화,출입금지 구역 침입,관람 제한 구역,관광지 무단 투기,축제장 분리수거,길거리 음식 쓰레기,공연자 만지기,안내 요원 지시 불이행"
대한민국불교문화엑스포,전통문화형,불교 행사 사진 촬영,"스님 사진 촬영,제사(제례) 사진 촬영,법당 내부 촬영 금지,불상 사진 금지,국보급 문화재 촬영,삼각대 금지 박물관,셀카봉 주의,유튜브 촬영 금지,상업용 촬영 허가,공연 중 촬영 금지,문화 해설 중 녹음,사찰 노출 복장,법당 모자 착용,박물관 큰 가방,인화성 물질 반입,전시장 내부 물,공연장 냄새나는 음식,궁궐 음주,박물관 휴대폰 통화,사찰 법당 휴대폰 벨소리,공연 중 대화,박물관 아이들 소음,전시물 만지기,문화재 기대기,문화재 낙서 처벌,사찰 흡연 구역,법당 눕기,제례 중 이동,전시관 동선 역주행,출입금지 구역 침입,관람 제한 구역,박물관 포토라인,관광지 무단 투기,축제장 분리수거,길거리 음식 쓰레기,전통 찻집 외부 음식,공연자 만지기,문화 해설사 방해,안내 요원 지시 불이행"
동서화합 영·호남 문화예술관광박람회,전통문화형,기타 전통문화,"셀카봉 주의,유튜브 촬영 금지,상업용 촬영 허가,공연 중 촬영 금지,문화 해설 중 녹음,박물관 큰 가방,문화재 자전거 킥보드,인화성 물질 반입,전시장 내부 물,공연장 냄새나는 음식,박물관 휴대폰 통화,공연 중 대화,박물관 아이들 소음,전시물 만지기,문화재 기대기,문화재 낙서 처벌,궁궐 꽃 꺾기,사찰 흡연 구역,전시관 동선 역주행,출입금지 구역 침입,관람 제한 구역,박물관 포토라인,관광지 무단 투기,축제장 분리수거,길거리 음식 쓰레기,공연자 만지기,문화 해설사 방해,안내 요원 지시 불이행"
문화가 있는날 구석구석 문화배달,전통문화형,기타 전통문화,일반적인 관광 예절 준수
문화가 흐르는 서울광장,전통문화형,기타 전통문화,"셀카봉 주의,상업용 촬영 허가,공연 중 촬영 금지,인화성 물질 반입,공연장 냄새나는 음식,공연 중 대화,출입금지 구역 침입,관람 제한 구역,관광지 무단 투기,축제장 분리수거,길거리 음식 쓰레기,공연자 만지기,안내 요원 지시 불이행"
문화공간 어디쉐어  공주 하숙동 1번지  시즌2,전통문화형,한옥마을 주민 사생활,일반적인 관광 예절 준수
서귀포 원도심 문화페스티벌,전통문화형,기타 전통문화,"셀카봉 주의,상업용 촬영 허가,공연 중 촬영 금지,인화성 물질 반입,공연장 냄새나는 음식,공연 중 대화,한옥마을 밤 소음,전시물 만지기,문화재 기대기,한옥 대문 열어보기,출입금지 구역 침입,관람 제한 구역,한옥마을 사유지 침입,관광지 무단 투기,축제장 분리수거,길거리 음식 쓰레기,공연자 만지기,문화 해설사 방해,안내 요원 지시 불이행"
영동세계국악엑스포(2025 Yeongdong World Traditional Music & Arts Expo),전통문화형,국악 공연 관람 예절,"상업용 촬영 허가,드론 촬영 허가 문화재,공연 중 촬영 금지,셀카봉 주의,삼각대 금지 박물관,박물관 큰 가방,인화성 물질 반입,공연장 냄새나는 음식,박물관 휴대폰 통화,공연 중 대화,전시물 만지기,문화재 기대기,전시관 동선 역주행,출입금지 구역 침입,축제장 분리수거,공연자 만지기,안내 요원 지시 불이행"
제17회 서울건축문화제,전통문화형,기타 전통문화,"삼각대 금지 박물관,셀카봉 주의,유튜브 촬영 금지,상업용 촬영 허가,공연 중 촬영 금지,문화 해설 중 녹음,박물관 큰 가방,인화성 물질 반입,전시장 내부 물,공연장 냄새나는 음식,박물관 휴대폰 통화,공연 중 대화,박물관 아이들 소음,전시물 만지기,문화재 기대기,전시관 동선 역주행,출입금지 구역 침입,관람 제한 구역,관광지 무단 투기,축제장 분리수거,문화 해설사 방해,안내 요원 지시 불이행"
제주 반려동물 문화산업 한마당,전통문화형,기타 전통문화,"셀카봉 주의,유튜브 촬영 금지,상업용 촬영 허가,공연 중 촬영 금지,인화성 물질 반입,전시장 내부 물,공연장 냄새나는 음식,공연 중 대화,전시물 만지기,출입금지 구역 침입,관람 제한 구역,관광지 무단 투기,축제장 분리수거,길거리 음식 쓰레기,공연자 만지기,안내 요원 지시 불이행"
청년문화주간  청년문화사용법  네 개의 방,전통문화형,기타 전통문화,"셀카봉 주의,유튜브 촬영 금지,상업용 촬영 허가,공연 중 촬영 금지,문화 해설 중 녹음,박물관 큰 가방,인화성 물질 반입,전시장 내부 물,공연장 냄새나는 음식,박물관 휴대폰 통화,공연 중 대화,박물관 아이들 소음,전시물 만지기,전시관 동선 역주행,출입금지 구역 침입,관람 제한 구역,관광지 무단 투기,축제장 분리수거,길거리 음식 쓰레기,공연자 만지기,문화 해설사 방해,안내 요원 지시 불이행"
한국민속촌 야간개장,전통문화형,기타 전통문화,"한복 무단 촬영,국보급 문화재 촬영,삼각대 금지 박물관,셀카봉 주의,유튜브 촬영 금지,상업용 촬영 허가,드론 촬영 허가 문화재,공연 중 촬영 금지,한복 훼손,궁궐 애완동물 반입,박물관 큰 가방,문화재 자전거 킥보드,궁궐 돗자리,인화성 물질 반입,공연장 냄새나는 음식,궁궐 음주,공연 중 대화,한옥마을 밤 소음,전시물 만지기,문화재 기대기,문화재 낙서 처벌,한옥 대문 열어보기,한옥 문고리 파손,궁궐 꽃 꺾기,사찰 흡연 구역,출입금지 구역 침입,관람 제한 구역,한옥마을 사유지 침입,공사장 위험 구역,관광지 무단 투기,한옥마을 쓰레기 처리,축제장 분리수거,길거리 음식 쓰레기,전통 찻집 외부 음식,공연자 만지기,문화 해설사 방해,궁궐 야생동물 먹이주기,안내 요원 지시 불이행"
한글날 문화행사,전통문화형,기타 전통문화,"""한복 무단 촬영"",""국보급 문화재 촬영"",""삼각대 금지 박물관"",""셀카봉 주의"",""유튜브 촬영 금지"",""상업용 촬영 허가"",""드론 촬영 허가 문화재"",""공연 중 촬영 금지"",""문화 해설 중 녹음"",""한복 훼손"",""박물관 큰 가방"",""문화재 자전거 킥보드"",""인화성 물질 반입"",""전시장 내부 물"",""공연장 냄새나는 음식"",""박물관 휴대폰 통화"",""공연 중 대화"",""박물관 아이들 소음"",""전시물 만지기"",""문화재 기대기"",""문화재 낙서 처벌"",""전시관 동선 역주행"",""출입금지 구역 침입"",""관람 제한 구역"",""박물관 포토라인"",""관광지 무단 투기"",""축제장 분리수거"",""길거리 음식 쓰레기"",""공연자 만지기"",""문화 해설사 방해"",""안내 요원 지시 불이행"""
2025년 완주군 근대역사 문화여행,전통문화형,문화재 만지지 마세요,"국보급 문화재 촬영,삼각대 금지 박물관,셀카봉 주의,상업용 촬영 허가,드론 촬영 허가 문화재,공연 중 촬영 금지,문화 해설 중 녹음,박물관 큰 가방,문화재 자전거 킥보드,인화성 물질 반입,전시장 내부 물,공연장 냄새나는 음식,박물관 휴대폰 통화,공연 중 대화,박물관 아이들 소음,전시물 만지기,문화재 기대기,문화재 낙서 처벌,전시관 동선 역주행,출입금지 구역 침입,관람 제한 구역,박물관 포토라인,공사장 위험 구역,관광지 무단 투기,축제장 분리수거,길거리 음식 쓰레기,공연자 만지기,문화 해설사 방해,안내 요원 지시 불이행"
4·19혁명국민문화제,전통문화형,기타 전통문화,"제사(제례) 사진 촬영,셀카봉 주의,상업용 촬영 허가,드론 촬영 허가 문화재,공연 중 촬영 금지,인화성 물질 반입,공연장 냄새나는 음식,공연 중 대화,문화재 기대기,문화재 낙서 처벌,사찰 흡연 구역,제례 중 이동,출입금지 구역 침입,축제장 분리수거,길거리 음식 쓰레기,공연자 만지기,안내 요원 지시 불이행"
가야문화축제,전통문화형,고분군 방문 예절,"제사(제례) 사진 촬영,한복 무단 촬영,국보급 문화재 촬영,삼각대 금지 박물관,셀카봉 주의,상업용 촬영 허가,드론 촬영 허가 문화재,공연 중 촬영 금지,문화 해설 중 녹음,한복 훼손,궁궐 애완동물 반입,박물관 큰 가방,문화재 자전거 킥보드,궁궐 돗자리,인화성 물질 반입,전시장 내부 물,공연장 냄새나는 음식,궁궐 음주,박물관 휴대폰 통화,공연 중 대화,한옥마을 밤 소음,박물관 아이들 소음,전시물 만지기,문화재 기대기,문화재 낙서 처벌,궁궐 꽃 꺾기,사찰 흡연 구역,제례 중 이동,전시관 동선 역주행,출입금지 구역 침입,관람 제한 구역,박물관 포토라인,왕릉 능침 올라가기,한옥마을 사유지 침입,공사장 위험 구역,관광지 무단 투기,한옥마을 쓰레기 처리,축제장 분리수거,길거리 음식 쓰레기,전통 찻집 외부 음식,공연자 만지기,수문장 교대식 방해,문화 해설사 방해,궁궐 야생동물 먹이주기,안내 요원 지시 불이행"
가평군 반려동물 문화행사 활짝펫,전통문화형,기타 전통문화,"셀카봉 주의,상업용 촬영 허가,공연 중 촬영 금지,문화 해설 중 녹음,인화성 물질 반입,공연장 냄새나는 음식,공연 중 대화,사찰 흡연 구역,전시관 동선 역주행,출입금지 구역 침입,관람 제한 구역,관광지 무단 투기,축제장 분리수거,길거리 음식 쓰레기,공연자 만지기,문화 해설사 방해,안내 요원 지시 불이행"
강동선사문화축제,전통문화형,고분군 방문 예절,"국보급 문화재 촬영,삼각대 금지 박물관,셀카봉 주의,상업용 촬영 허가,드론 촬영 허가 문화재,공연 중 촬영 금지,문화 해설 중 녹음,박물관 큰 가방,문화재 자전거 킥보드,인화성 물질 반입,전시장 내부 물,공연장 냄새나는 음식,공연 중 대화,박물관 아이들 소음,전시물 만지기,문화재 기대기,문화재 낙서 처벌,사찰 흡연 구역,전시관 동선 역주행,출입금지 구역 침입,관람 제한 구역,박물관 포토라인,관광지 무단 투기,축제장 분리수거,길거리 음식 쓰레기,공연자 만지기,문화 해설사 방해,궁궐 야생동물 먹이주기,안내 요원 지시 불이행"
강릉시 반려동물문화축제,전통문화형,기타 전통문화,"셀카봉 주의,상업용 촬영 허가,드론 촬영 허가 문화재,공연 중 촬영 금지,문화재 자전거 킥보드,궁궐 돗자리,인화성 물질 반입,공연장 냄새나는 음식,궁궐 음주,공연 중 대화,궁궐 꽃 꺾기,사찰 흡연 구역,전시관 동선 역주행,출입금지 구역 침입,관람 제한 구역,공사장 위험 구역,관광지 무단 투기,축제장 분리수거,길거리 음식 쓰레기,공연자 만지기,안내 요원 지시 불이행"
강북 공예문화축제,전통문화형,전통 공방 체험 주의사항,"셀카봉 주의,상업용 촬영 허가,공연 중 촬영 금지,박물관 큰 가방,문화재 자전거 킥보드,인화성 물질 반입,전시장 내부 물,공연장 냄새나는 음식,공연 중 대화,전시물 만지기,사찰 흡연 구역,전시관 동선 역주행,출입금지 구역 침입,관람 제한 구역,관광지 무단 투기,축제장 분리수거,길거리 음식 쓰레기,공연자 만지기,안내 요원 지시 불이행"
강서구 다문화축제,전통문화형,기타 전통문화,"한복 무단 촬영,셀카봉 주의,상업용 촬영 허가,공연 중 촬영 금지,인화성 물질 반입,전시장 내부 물,공연장 냄새나는 음식,공연 중 대화,전시물 만지기,출입금지 구역 침입,관광지 무단 투기,축제장 분리수거,길거리 음식 쓰레기,공연자 만지기,안내 요원 지시 불이행"
강천섬 힐링 문화축제,전통문화형,기타 전통문화,"셀카봉 주의,상업용 촬영 허가,공연 중 촬영 금지,문화재 자전거 킥보드,인화성 물질 반입,공연장 냄새나는 음식,공연 중 대화,궁궐 꽃 꺾기,사찰 흡연 구역,출입금지 구역 침입,관람 제한 구역,관광지 무단 투기,축제장 분리수거,길거리 음식 쓰레기,공연자 만지기,궁궐 야생동물 먹이주기,안내 요원 지시 불이행"
게임문화축제,전통문화형,기타 전통문화,"셀카봉 주의,유튜브 촬영 금지,상업용 촬영 허가,공연 중 촬영 금지,박물관 큰 가방,인화성 물질 반입,전시장 내부 물,공연장 냄새나는 음식,박물관 휴대폰 통화,공연 중 대화,전시물 만지기,전시관 동선 역주행,출입금지 구역 침입,관람 제한 구역,축제장 분리수거,길거리 음식 쓰레기,공연자 만지기,안내 요원 지시 불이행"
겸재문화예술제,전통문화형,전통 공방 체험 주의사항,"셀카봉 주의,상업용 촬영 허가,공연 중 촬영 금지,인화성 물질 반입,전시장 내부 물,공연장 냄새나는 음식,궁궐 음주,공연 중 대화,전시물 만지기,사찰 흡연 구역,전시관 동선 역주행,출입금지 구역 침입,관람 제한 구역,관광지 무단 투기,축제장 분리수거,길거리 음식 쓰레기,공연자 만지기,궁궐 야생동물 먹이주기,안내 요원 지시 불이행"
경기도 문화사계  여름  경기바다 드론쇼,전통문화형,기타 전통문화,"셀카봉 주의, 상업용 촬영 허가, 공연 중 촬영 금지, 인화성 물질 반입, 공연장 냄새나는 음식, 공연 중 대화, 출입금지 구역 침입, 관람 제한 구역, 관광지 무단 투기, 축제장 분리수거, 길거리 음식 쓰레기, 안내 요원 지시 불이행"
계양 문화유산 야행,전통문화형,향교 서원 예절,"제사(제례) 사진 촬영,한복 무단 촬영,국보급 문화재 촬영,셀카봉 주의,상업용 촬영 허가,드론 촬영 허가 문화재,공연 중 촬영 금지,문화 해설 중 녹음,궁궐 애완동물 반입,문화재 자전거 킥보드,인화성 물질 반입,공연장 냄새나는 음식,궁궐 음주,공연 중 대화,한옥마을 밤 소음,전시물 만지기,문화재 기대기,문화재 낙서 처벌,궁궐 꽃 꺾기,사찰 흡연 구역,제례 중 이동,출입금지 구역 침입,관람 제한 구역,관광지 무단 투기,축제장 분리수거,길거리 음식 쓰레기,공연자 만지기,문화 해설사 방해,안내 요원 지시 불이행"
고마로馬문화축제,전통문화형,전통 공방 체험 주의사항,"셀카봉 주의,상업용 촬영 허가,드론 촬영 허가 문화재,공연 중 촬영 금지,문화재 자전거 킥보드,인화성 물질 반입,공연 중 대화,사찰 흡연 구역,출입금지 구역 침입,관람 제한 구역,관광지 무단 투기,축제장 분리수거,길거리 음식 쓰레기,공연자 만지기,안내 요원 지시 불이행"
고양 동물교감치유 문화제,전통문화형,기타 전통문화,"셀카봉 주의,상업용 촬영 허가,드론 촬영 허가 문화재,공연 중 촬영 금지,인화성 물질 반입,공연장 냄새나는 음식,전시물 만지기,사찰 흡연 구역,전시관 동선 역주행,출입금지 구역 침입,관람 제한 구역,관광지 무단 투기,축제장 분리수거,길거리 음식 쓰레기,공연자 만지기,문화 해설사 방해,안내 요원 지시 불이행"
고양행주문화제,전통문화형,문화재 만지지 마세요,"제사(제례) 사진 촬영,한복 무단 촬영,국보급 문화재 촬영,셀카봉 주의,상업용 촬영 허가,드론 촬영 허가 문화재,공연 중 촬영 금지,문화 해설 중 녹음,한복 훼손,궁궐 애완동물 반입,문화재 자전거 킥보드,인화성 물질 반입,공연장 냄새나는 음식,궁궐 음주,공연 중 대화,전시물 만지기,문화재 기대기,문화재 낙서 처벌,궁궐 꽃 꺾기,사찰 흡연 구역,제례 중 이동,출입금지 구역 침입,공사장 위험 구역,관광지 무단 투기,축제장 분리수거,길거리 음식 쓰레기,공연자 만지기,문화 해설사 방해,궁궐 야생동물 먹이주기,안내 요원 지시 불이행"
광주시 남한산성문화제,전통문화형,문화재 만지지 마세요,"제사(제례) 사진 촬영,한복 무단 촬영,법당 내부 촬영 금지,불상 사진 금지,국보급 문화재 촬영,삼각대 금지 박물관,셀카봉 주의,상업용 촬영 허가,드론 촬영 허가 문화재,공연 중 촬영 금지,문화 해설 중 녹음,사찰 노출 복장,법당 모자 착용,법당 신발 착용,궁궐 애완동물 반입,박물관 큰 가방,문화재 자전거 킥보드,궁궐 돗자리,인화성 물질 반입,전시장 내부 물,공연장 냄새나는 음식,궁궐 음주,박물관 휴대폰 통화,사찰 법당 휴대폰 벨소리,공연 중 대화,박물관 아이들 소음,전시물 만지기,문화재 기대기,문화재 낙서 처벌,궁궐 꽃 꺾기,사찰 흡연 구역,제례 중 이동,전시관 동선 역주행,출입금지 구역 침입,관람 제한 구역,사찰 스님 거주 공간,공사장 위험 구역,관광지 무단 투기,축제장 분리수거,길거리 음식 쓰레기,공연자 만지기,수문장 교대식 방해,문화 해설사 방해,궁궐 야생동물 먹이주기,안내 요원 지시 불이행"
광주왕실도자페스티벌,전통문화형,전통 공방 체험 주의사항,"국보급 문화재 촬영,삼각대 금지 박물관,셀카봉 주의,상업용 촬영 허가,드론 촬영 허가 문화재,공연 중 촬영 금지,문화 해설 중 녹음,한복 훼손,박물관 큰 가방,문화재 자전거 킥보드,인화성 물질 반입,전시장 내부 물,공연장 냄새나는 음식,박물관 휴대폰 통화,공연 중 대화,박물관 아이들 소음,전시물 만지기,문화재 기대기,문화재 낙서 처벌,전시관 동선 역주행,출입금지 구역 침입,관람 제한 구역,박물관 포토라인,공사장 위험 구역,관광지 무단 투기,축제장 분리수거,길거리 음식 쓰레기,공연자 만지기,문화 해설사 방해,안내 요원 지시 불이행"
광진 생활문화예술축제,전통문화형,기타 전통문화,"셀카봉 주의,상업용 촬영 허가,공연 중 촬영 금지,박물관 큰 가방,인화성 물질 반입,전시장 내부 물,공연장 냄새나는 음식,공연 중 대화,박물관 아이들 소음,전시물 만지기,전시관 동선 역주행,출입금지 구역 침입,관람 제한 구역,관광지 무단 투기,축제장 분리수거,길거리 음식 쓰레기,공연자 만지기,문화 해설사 방해,안내 요원 지시 불이행"
국립농업박물관 문화제,전통문화형,박물관 관람 예절,"국보급 문화재 촬영,삼각대 금지 박물관,셀카봉 주의,유튜브 촬영 금지,상업용 촬영 허가,드론 촬영 허가 문화재,공연 중 촬영 금지,문화 해설 중 녹음,박물관 큰 가방,문화재 자전거 킥보드,인화성 물질 반입,전시장 내부 물,공연장 냄새나는 음식,박물관 휴대폰 통화,공연 중 대화,박물관 아이들 소음,전시물 만지기,문화재 기대기,문화재 낙서 처벌,전시관 동선 역주행,출입금지 구역 침입,관람 제한 구역,박물관 포토라인,관광지 무단 투기,축제장 분리수거,길거리 음식 쓰레기,공연자 만지기,문화 해설사 방해,안내 요원 지시 불이행"
군위 사랑과 나눔 문화축전,전통문화형,기독교 순교 성지 방문,"셀카봉 주의,상업용 촬영 허가,공연 중 촬영 금지,인화성 물질 반입,공연장 냄새나는 음식,공연 중 대화,박물관 아이들 소음,출입금지 구역 침입,관람 제한 구역,관광지 무단 투기,축제장 분리수거,길거리 음식 쓰레기,공연자 만지기,안내 요원 지시 불이행"
궁중문화축전,전통문화형,궁궐 전각 내부,"제사(제례) 사진 촬영,한복 무단 촬영,국보급 문화재 촬영,삼각대 금지 박물관,셀카봉 주의,유튜브 촬영 금지,상업용 촬영 허가,드론 촬영 허가 문화재,공연 중 촬영 금지,문화 해설 중 녹음,한복 훼손,궁궐 애완동물 반입,박물관 큰 가방,문화재 자전거 킥보드,궁궐 돗자리,인화성 물질 반입,전시장 내부 물,공연장 냄새나는 음식,궁궐 음주,박물관 휴대폰 통화,공연 중 대화,박물관 아이들 소음,전시물 만지기,문화재 기대기,문화재 낙서 처벌,궁궐 꽃 꺾기,제례 중 이동,전시관 동선 역주행,출입금지 구역 침입,관람 제한 구역,박물관 포토라인,왕릉 능침 올라가기,공사장 위험 구역,관광지 무단 투기,축제장 분리수거,길거리 음식 쓰레기,전통 찻집 외부 음식,공연자 만지기,수문장 교대식 방해,문화 해설사 방해,궁궐 야생동물 먹이주기,안내 요원 지시 불이행"
근대역사문화축제,전통문화형,박물관 관람 예절,"한복 무단 촬영,국보급 문화재 촬영,삼각대 금지 박물관,셀카봉 주의,상업용 촬영 허가,드론 촬영 허가 문화재,공연 중 촬영 금지,문화 해설 중 녹음,한복 훼손,박물관 큰 가방,문화재 자전거 킥보드,인화성 물질 반입,전시장 내부 물,공연장 냄새나는 음식,박물관 휴대폰 통화,공연 중 대화,박물관 아이들 소음,전시물 만지기,문화재 기대기,문화재 낙서 처벌,전시관 동선 역주행,출입금지 구역 침입,관람 제한 구역,박물관 포토라인,공사장 위험 구역,관광지 무단 투기,축제장 분리수거,길거리 음식 쓰레기,전통 찻집 외부 음식,공연자 만지기,문화 해설사 방해,안내 요원 지시 불이행"
글로컬 문화 in 남산 페스티벌,전통문화형,기타 전통문화,"셀카봉 주의,상업용 촬영 허가,공연 중 촬영 금지,인화성 물질 반입,공연장 냄새나는 음식,공연 중 대화,전시물 만지기,전시관 동선 역주행,출입금지 구역 침입,관람 제한 구역,관광지 무단 투기,축제장 분리수거,길거리 음식 쓰레기,공연자 만지기,안내 요원 지시 불이행"
기장군반려동물문화축제,전통문화형,기타 전통문화,"셀카봉 주의,상업용 촬영 허가,공연 중 촬영 금지,인화성 물질 반입,공연장 냄새나는 음식,공연 중 대화,전시물 만지기,전시관 동선 역주행,출입금지 구역 침입,관람 제한 구역,공사장 위험 구역,관광지 무단 투기,축제장 분리수거,길거리 음식 쓰레기,공연자 만지기,문화 해설사 방해,안내 요원 지시 불이행"
김포 해병대 문화축제,전통문화형,기타 전통문화,"셀카봉 주의,상업용 촬영 허가,드론 촬영 허가 문화재,공연 중 촬영 금지,문화 해설 중 녹음,박물관 큰 가방,문화재 자전거 킥보드,인화성 물질 반입,전시장 내부 물,공연장 냄새나는 음식,공연 중 대화,박물관 아이들 소음,전시물 만지기,문화재 낙서 처벌,사찰 흡연 구역,제례 중 이동,전시관 동선 역주행,출입금지 구역 침입,관람 제한 구역,박물관 포토라인,공사장 위험 구역,관광지 무단 투기,축제장 분리수거,길거리 음식 쓰레기,공연자 만지기,수문장 교대식 방해,문화 해설사 방해,안내 요원 지시 불이행"
김해분청도자기축제,전통문화형,전통 공방 체험 주의사항,"국보급 문화재 촬영,삼각대 금지 박물관,셀카봉 주의,유튜브 촬영 금지,상업용 촬영 허가,공연 중 촬영 금지,문화 해설 중 녹음,박물관 큰 가방,문화재 자전거 킥보드,인화성 물질 반입,전시장 내부 물,공연장 냄새나는 음식,박물관 휴대폰 통화,공연 중 대화,박물관 아이들 소음,전시물 만지기,문화재 기대기,문화재 낙서 처벌,사찰 흡연 구역,전시관 동선 역주행,출입금지 구역 침입,관람 제한 구역,박물관 포토라인,관광지 무단 투기,축제장 분리수거,길거리 음식 쓰레기,공연자 만지기,문화 해설사 방해,안내 요원 지시 불이행"
김홍도문화제,전통문화형,기타 전통문화,"한복 무단 촬영,국보급 문화재 촬영,삼각대 금지 박물관,셀카봉 주의,상업용 촬영 허가,드론 촬영 허가 문화재,공연 중 촬영 금지,문화 해설 중 녹음,한복 훼손,박물관 큰 가방,문화재 자전거 킥보드,인화성 물질 반입,전시장 내부 물,공연장 냄새나는 음식,궁궐 음주,박물관 휴대폰 통화,공연 중 대화,박물관 아이들 소음,전시물 만지기,문화재 기대기,문화재 낙서 처벌,궁궐 꽃 꺾기,사찰 흡연 구역,전시관 동선 역주행,출입금지 구역 침입,관람 제한 구역,박물관 포토라인,관광지 무단 투기,축제장 분리수거,길거리 음식 쓰레기,공연자 만지기,문화 해설사 방해,안내 요원 지시 불이행"
낙원 생활문화축제,전통문화형,전통 공방 체험 주의사항,"셀카봉 주의,유튜브 촬영 금지,상업용 촬영 허가,공연 중 촬영 금지,문화 해설 중 녹음,인화성 물질 반입,전시장 내부 물,공연장 냄새나는 음식,공연 중 대화,박물관 아이들 소음,전시물 만지기,전시관 동선 역주행,출입금지 구역 침입,관람 제한 구역,공사장 위험 구역,관광지 무단 투기,축제장 분리수거,길거리 음식 쓰레기,공연자 만지기,문화 해설사 방해,안내 요원 지시 불이행"
난설헌문화제,전통문화형,한복 체험 예절,"""한복 무단 촬영"", ""국보급 문화재 촬영"", ""삼각대 금지 박물관"", ""셀카봉 주의"", ""유튜브 촬영 금지"", ""상업용 촬영 허가"", ""드론 촬영 허가 문화재"", ""공연 중 촬영 금지"", ""문화 해설 중 녹음"", ""한복 훼손"", ""박물관 큰 가방"", ""문화재 자전거 킥보드"", ""인화성 물질 반입"", ""전시장 내부 물"", ""공연장 냄새나는 음식"", ""박물관 휴대폰 통화"", ""공연 중 대화"", ""한옥마을 밤 소음"", ""박물관 아이들 소음"", ""전시물 만지기"", ""문화재 기대기"", ""문화재 낙서 처벌"", ""한옥 대문 열어보기"", ""한옥 문고리 파손"", ""전시관 동선 역주행"", ""출입금지 구역 침입"", ""관람 제한 구역"", ""박물관 포토라인"", ""왕릉 능침 올라가기"", ""한옥마을 사유지 침입"", ""관광지 무단 투기"", ""한옥마을 쓰레기 처리"", ""축제장 분리수거"", ""길거리 음식 쓰레기"", ""공연자 만지기"", ""문화 해설사 방해"", ""안내 요원 지시 불이행"""
남산봉수의식 등 전통문화행사,전통문화형,국악 공연 관람 예절,"제사(제례) 사진 촬영,국보급 문화재 촬영,셀카봉 주의,상업용 촬영 허가,드론 촬영 허가 문화재,공연 중 촬영 금지,문화 해설 중 녹음,문화재 자전거 킥보드,인화성 물질 반입,궁궐 음주,공연 중 대화,전시물 만지기,문화재 기대기,문화재 낙서 처벌,사찰 흡연 구역,제례 중 이동,출입금지 구역 침입,관광지 무단 투기,축제장 분리수거,공연자 만지기,수문장 교대식 방해,문화 해설사 방해,안내 요원 지시 불이행"
다산정약용문화제,전통문화형,문화재 만지지 마세요,"제사(제례) 사진 촬영,국보급 문화재 촬영,삼각대 금지 박물관,셀카봉 주의,상업용 촬영 허가,드론 촬영 허가 문화재,공연 중 촬영 금지,문화 해설 중 녹음,궁궐 애완동물 반입,박물관 큰 가방,문화재 자전거 킥보드,궁궐 돗자리,인화성 물질 반입,전시장 내부 물,공연장 냄새나는 음식,궁궐 음주,박물관 휴대폰 통화,공연 중 대화,박물관 아이들 소음,전시물 만지기,문화재 기대기,문화재 낙서 처벌,궁궐 꽃 꺾기,사찰 흡연 구역,제례 중 이동,전시관 동선 역주행,출입금지 구역 침입,관람 제한 구역,박물관 포토라인,왕릉 능침 올라가기,관광지 무단 투기,축제장 분리수거,길거리 음식 쓰레기,공연자 만지기,문화 해설사 방해,궁궐 야생동물 먹이주기,안내 요원 지시 불이행"
단종문화제,전통문화형,왕릉 관람 주의사항,"제사(제례) 사진 촬영,한복 무단 촬영,국보급 문화재 촬영,셀카봉 주의,상업용 촬영 허가,드론 촬영 허가 문화재,공연 중 촬영 금지,한복 훼손,궁궐 애완동물 반입,문화재 자전거 킥보드,궁궐 돗자리,인화성 물질 반입,공연장 냄새나는 음식,궁궐 음주,공연 중 대화,전시물 만지기,문화재 기대기,문화재 낙서 처벌,궁궐 꽃 꺾기,사찰 흡연 구역,제례 중 이동,출입금지 구역 침입,관람 제한 구역,왕릉 능침 올라가기,관광지 무단 투기,축제장 분리수거,길거리 음식 쓰레기,공연자 만지기,수문장 교대식 방해,문화 해설사 방해,궁궐 야생동물 먹이주기,안내 요원 지시 불이행"
대구약령시한방문화축제,전통문화형,전통 시장 관광객 팁,"제사(제례) 사진 촬영,한복 무단 촬영,셀카봉 주의,상업용 촬영 허가,드론 촬영 허가 문화재,공연 중 촬영 금지,문화 해설 중 녹음,한복 훼손,박물관 큰 가방,문화재 자전거 킥보드,인화성 물질 반입,전시장 내부 물,공연장 냄새나는 음식,공연 중 대화,전시물 만지기,문화재 기대기,문화재 낙서 처벌,궁궐 꽃 꺾기,제례 중 이동,출입금지 구역 침입,관람 제한 구역,한옥마을 사유지 침입,공사장 위험 구역,관광지 무단 투기,축제장 분리수거,길거리 음식 쓰레기,전통 찻집 외부 음식,공연자 만지기,문화 해설사 방해,안내 요원 지시 불이행"
대장경기록문화축제,전통문화형,전통 공방 체험 주의사항,"스님 사진 촬영,한복 무단 촬영,국보급 문화재 촬영,삼각대 금지 박물관,셀카봉 주의,유튜브 촬영 금지,상업용 촬영 허가,드론 촬영 허가 문화재,공연 중 촬영 금지,문화 해설 중 녹음,한복 훼손,박물관 큰 가방,문화재 자전거 킥보드,궁궐 돗자리,인화성 물질 반입,전시장 내부 물,공연장 냄새나는 음식,박물관 휴대폰 통화,공연 중 대화,박물관 아이들 소음,전시물 만지기,문화재 기대기,문화재 낙서 처벌,궁궐 꽃 꺾기,사찰 흡연 구역,전시관 동선 역주행,출입금지 구역 침입,관람 제한 구역,박물관 포토라인,공사장 위험 구역,관광지 무단 투기,축제장 분리수거,길거리 음식 쓰레기,공연자 만지기,문화 해설사 방해,안내 요원 지시 불이행"
대전시립연정국악단 토요국악,전통문화형,국악 공연 관람 예절,"공연 중 촬영 금지,인화성 물질 반입,공연장 냄새나는 음식,공연 중 대화,출입금지 구역 침입,문화 해설사 방해,공연자 만지기,안내 요원 지시 불이행"
대전효문화뿌리축제,전통문화형,박물관 관람 예절,"제사(제례) 사진 촬영,한복 무단 촬영,삼각대 금지 박물관,셀카봉 주의,상업용 촬영 허가,드론 촬영 허가 문화재,공연 중 촬영 금지,문화 해설 중 녹음,박물관 큰 가방,문화재 자전거 킥보드,인화성 물질 반입,전시장 내부 물,공연장 냄새나는 음식,궁궐 음주,박물관 휴대폰 통화,공연 중 대화,박물관 아이들 소음,전시물 만지기,문화재 기대기,문화재 낙서 처벌,궁궐 꽃 꺾기,사찰 흡연 구역,제례 중 이동,전시관 동선 역주행,출입금지 구역 침입,관람 제한 구역,박물관 포토라인,한옥마을 사유지 침입,공사장 위험 구역,관광지 무단 투기,축제장 분리수거,길거리 음식 쓰레기,전통 찻집 외부 음식,공연자 만지기,문화 해설사 방해,궁궐 야생동물 먹이주기,안내 요원 지시 불이행"
도봉옛길 문화제,전통문화형,기타 전통문화,"국보급 문화재 촬영,셀카봉 주의,상업용 촬영 허가,드론 촬영 허가 문화재,공연 중 촬영 금지,문화 해설 중 녹음,박물관 큰 가방,문화재 자전거 킥보드,인화성 물질 반입,전시장 내부 물,공연장 냄새나는 음식,박물관 휴대폰 통화,공연 중 대화,박물관 아이들 소음,전시물 만지기,문화재 기대기,문화재 낙서 처벌,전시관 동선 역주행,출입금지 구역 침입,관람 제한 구역,관광지 무단 투기,축제장 분리수거,길거리 음식 쓰레기,공연자 만지기,문화 해설사 방해,안내 요원 지시 불이행"
동춘당 문화제,전통문화형,향교 서원 예절,"제사(제례) 사진 촬영,한복 무단 촬영,국보급 문화재 촬영,셀카봉 주의,상업용 촬영 허가,드론 촬영 허가 문화재,공연 중 촬영 금지,문화 해설 중 녹음,한복 훼손,궁궐 애완동물 반입,문화재 자전거 킥보드,궁궐 돗자리,인화성 물질 반입,공연장 냄새나는 음식,궁궐 음주,공연 중 대화,문화재 기대기,문화재 낙서 처벌,궁궐 꽃 꺾기,제례 중 이동,출입금지 구역 침입,관람 제한 구역,관광지 무단 투기,축제장 분리수거,길거리 음식 쓰레기,공연자 만지기,수문장 교대식 방해,문화 해설사 방해,안내 요원 지시 불이행"
동편제국악축제,전통문화형,국악 공연 관람 예절,"셀카봉 주의,유튜브 촬영 금지,상업용 촬영 허가,드론 촬영 허가 문화재,공연 중 촬영 금지,인화성 물질 반입,공연장 냄새나는 음식,공연 중 대화,한옥마을 밤 소음,문화재 기대기,문화재 낙서 처벌,궁궐 꽃 꺾기,출입금지 구역 침입,관람 제한 구역,한옥마을 사유지 침입,관광지 무단 투기,한옥마을 쓰레기 처리,축제장 분리수거,길거리 음식 쓰레기,공연자 만지기,궁궐 야생동물 먹이주기,안내 요원 지시 불이행"
마산부림한복축제,전통문화형,한복 체험 예절,"한복 무단 촬영,셀카봉 주의,상업용 촬영 허가,공연 중 촬영 금지,한복 훼손,인화성 물질 반입,공연장 냄새나는 음식,공연 중 대화,전시물 만지기,전시관 동선 역주행,출입금지 구역 침입,관광지 무단 투기,축제장 분리수거,길거리 음식 쓰레기,공연자 만지기,문화 해설사 방해,안내 요원 지시 불이행"
마한역사문화제,전통문화형,고분군 방문 예절,"국보급 문화재 촬영,삼각대 금지 박물관,셀카봉 주의,상업용 촬영 허가,드론 촬영 허가 문화재,공연 중 촬영 금지,문화 해설 중 녹음,박물관 큰 가방,문화재 자전거 킥보드,인화성 물질 반입,전시장 내부 물,공연장 냄새나는 음식,박물관 휴대폰 통화,공연 중 대화,박물관 아이들 소음,전시물 만지기,문화재 기대기,문화재 낙서 처벌,전시관 동선 역주행,출입금지 구역 침입,관람 제한 구역,박물관 포토라인,공사장 위험 구역,관광지 무단 투기,축제장 분리수거,길거리 음식 쓰레기,공연자 만지기,문화 해설사 방해,안내 요원 지시 불이행"
목포 문화유산 야행,전통문화형,문화재 만지지 마세요,"국보급 문화재 촬영,삼각대 금지 박물관,셀카봉 주의,상업용 촬영 허가,드론 촬영 허가 문화재,공연 중 촬영 금지,문화 해설 중 녹음,궁궐 애완동물 반입,박물관 큰 가방,문화재 자전거 킥보드,궁궐 돗자리,인화성 물질 반입,전시장 내부 물,공연장 냄새나는 음식,궁궐 음주,박물관 휴대폰 통화,공연 중 대화,한옥마을 밤 소음,박물관 아이들 소음,전시물 만지기,문화재 기대기,문화재 낙서 처벌,한옥 대문 열어보기,궁궐 꽃 꺾기,사찰 흡연 구역,전시관 동선 역주행,출입금지 구역 침입,관람 제한 구역,박물관 포토라인,한옥마을 사유지 침입,공사장 위험 구역,관광지 무단 투기,한옥마을 쓰레기 처리,축제장 분리수거,길거리 음식 쓰레기,전통 찻집 외부 음식,공연자 만지기,문화 해설사 방해,안내 요원 지시 불이행"
문화가 있는 날 실버마이크  전라·제주 권역,전통문화형,국악 공연 관람 예절,"셀카봉 주의,유튜브 촬영 금지,상업용 촬영 허가,공연 중 촬영 금지,인화성 물질 반입,공연장 냄새나는 음식,공연 중 대화,출입금지 구역 침입,관람 제한 구역,관광지 무단 투기,축제장 분리수거,길거리 음식 쓰레기,공연자 만지기,안내 요원 지시 불이행"
문화가 있는 날 청춘마이크 수도강원권,전통문화형,국악 공연 관람 예절,"셀카봉 주의,유튜브 촬영 금지,상업용 촬영 허가,공연 중 촬영 금지,인화성 물질 반입,공연장 냄새나는 음식,공연 중 대화,출입금지 구역 침입,관람 제한 구역,관광지 무단 투기,축제장 분리수거,길거리 음식 쓰레기,공연자 만지기,안내 요원 지시 불이행"
문화가 있는 날 청춘마이크 충청권,전통문화형,기타 전통문화,"셀카봉 주의,유튜브 촬영 금지,상업용 촬영 허가,공연 중 촬영 금지,인화성 물질 반입,공연장 냄새나는 음식,공연 중 대화,출입금지 구역 침입,관람 제한 구역,관광지 무단 투기,축제장 분리수거,길거리 음식 쓰레기,공연자 만지기,안내 요원 지시 불이행"
문화가 있는 날 청춘마이크 페스티벌,전통문화형,기타 전통문화,"셀카봉 주의,상업용 촬영 허가,공연 중 촬영 금지,인화성 물질 반입,공연장 냄새나는 음식,공연 중 대화,출입금지 구역 침입,관람 제한 구역,관광지 무단 투기,축제장 분리수거,길거리 음식 쓰레기,공연자 만지기,안내 요원 지시 불이행"
문화의 달,전통문화형,기타 전통문화,"셀카봉 주의,상업용 촬영 허가,드론 촬영 허가 문화재,공연 중 촬영 금지,인화성 물질 반입,공연장 냄새나는 음식,공연 중 대화,문화재 낙서 처벌,출입금지 구역 침입,관람 제한 구역,관광지 무단 투기,축제장 분리수거,길거리 음식 쓰레기,공연자 만지기,안내 요원 지시 불이행"
미추홀미디어문화축제,전통문화형,기타 전통문화,"셀카봉 주의,상업용 촬영 허가,공연 중 촬영 금지,인화성 물질 반입,전시장 내부 물,공연장 냄새나는 음식,박물관 휴대폰 통화,공연 중 대화,전시물 만지기,전시관 동선 역주행,출입금지 구역 침입,관람 제한 구역,관광지 무단 투기,축제장 분리수거,길거리 음식 쓰레기,공연자 만지기,안내 요원 지시 불이행"
백제문화유산주간,전통문화형,박물관 관람 예절,"국보급 문화재 촬영,삼각대 금지 박물관,셀카봉 주의,상업용 촬영 허가,드론 촬영 허가 문화재,공연 중 촬영 금지,문화 해설 중 녹음,궁궐 애완동물 반입,박물관 큰 가방,문화재 자전거 킥보드,인화성 물질 반입,전시장 내부 물,궁궐 음주,박물관 휴대폰 통화,공연 중 대화,박물관 아이들 소음,전시물 만지기,문화재 기대기,문화재 낙서 처벌,궁궐 꽃 꺾기,사찰 흡연 구역,전시관 동선 역주행,출입금지 구역 침입,관람 제한 구역,박물관 포토라인,왕릉 능침 올라가기,관광지 무단 투기,축제장 분리수거,길거리 음식 쓰레기,문화 해설사 방해,안내 요원 지시 불이행"
보현사 산사천년문화제,전통문화형,불교 행사 사진 촬영,"스님 사진 촬영,제사(제례) 사진 촬영,법당 내부 촬영 금지,불상 사진 금지,국보급 문화재 촬영,상업용 촬영 허가,드론 촬영 허가 문화재,공연 중 촬영 금지,사찰 노출 복장,법당 모자 착용,법당 신발 착용,궁궐 애완동물 반입,문화재 자전거 킥보드,인화성 물질 반입,공연장 냄새나는 음식,궁궐 음주,사찰 법당 휴대폰 벨소리,공연 중 대화,전시물 만지기,문화재 기대기,문화재 낙서 처벌,궁궐 꽃 꺾기,사찰 흡연 구역,법당 눕기,제례 중 이동,출입금지 구역 침입,사찰 스님 거주 공간,관광지 무단 투기,축제장 분리수거,길거리 음식 쓰레기,공연자 만지기,문화 해설사 방해,궁궐 야생동물 먹이주기,안내 요원 지시 불이행"
부산차이나타운 문화축제,전통문화형,기타 전통문화,"셀카봉 주의,상업용 촬영 허가,공연 중 촬영 금지,문화재 자전거 킥보드,인화성 물질 반입,공연장 냄새나는 음식,공연 중 대화,전시물 만지기,문화재 기대기,문화재 낙서 처벌,전시관 동선 역주행,출입금지 구역 침입,관람 제한 구역,한옥마을 사유지 침입,공사장 위험 구역,관광지 무단 투기,축제장 분리수거,길거리 음식 쓰레기,공연자 만지기,안내 요원 지시 불이행"
비슬산 참꽃문화제,전통문화형,사찰 법당 예절,"스님 사진 촬영,법당 내부 촬영 금지,불상 사진 금지,국보급 문화재 촬영,셀카봉 주의,상업용 촬영 허가,드론 촬영 허가 문화재,공연 중 촬영 금지,사찰 노출 복장,법당 모자 착용,법당 신발 착용,문화재 자전거 킥보드,인화성 물질 반입,궁궐 음주,사찰 법당 휴대폰 벨소리,공연 중 대화,문화재 기대기,문화재 낙서 처벌,궁궐 꽃 꺾기,사찰 흡연 구역,법당 눕기,출입금지 구역 침입,관람 제한 구역,사찰 스님 거주 공간,관광지 무단 투기,축제장 분리수거,길거리 음식 쓰레기,궁궐 야생동물 먹이주기,안내 요원 지시 불이행"
사찰음식 대축제,전통문화형,한정식 식사 예절,"스님 사진 촬영,셀카봉 주의,상업용 촬영 허가,공연 중 촬영 금지,박물관 큰 가방,인화성 물질 반입,공연장 냄새나는 음식,궁궐 음주,박물관 휴대폰 통화,사찰 법당 휴대폰 벨소리,공연 중 대화,박물관 아이들 소음,전시물 만지기,사찰 흡연 구역,전시관 동선 역주행,출입금지 구역 침입,관람 제한 구역,관광지 무단 투기,축제장 분리수거,길거리 음식 쓰레기,공연자 만지기,문화 해설사 방해,안내 요원 지시 불이행"
사천와룡문화제,전통문화형,기타 전통문화,"제사(제례) 사진 촬영,한복 무단 촬영,국보급 문화재 촬영,셀카봉 주의,상업용 촬영 허가,드론 촬영 허가 문화재,공연 중 촬영 금지,문화 해설 중 녹음,한복 훼손,박물관 큰 가방,문화재 자전거 킥보드,인화성 물질 반입,전시장 내부 물,공연장 냄새나는 음식,박물관 휴대폰 통화,공연 중 대화,박물관 아이들 소음,전시물 만지기,문화재 기대기,문화재 낙서 처벌,사찰 흡연 구역,제례 중 이동,전시관 동선 역주행,출입금지 구역 침입,관람 제한 구역,박물관 포토라인,공사장 위험 구역,관광지 무단 투기,축제장 분리수거,길거리 음식 쓰레기,공연자 만지기,문화 해설사 방해,안내 요원 지시 불이행"
새연교 주말 문화공연 '금토금토 새연쇼',전통문화형,기타 전통문화,"셀카봉 주의,유튜브 촬영 금지,상업용 촬영 허가,드론 촬영 허가 문화재,공연 중 촬영 금지,문화재 자전거 킥보드,인화성 물질 반입,공연장 냄새나는 음식,공연 중 대화,출입금지 구역 침입,관람 제한 구역,관광지 무단 투기,축제장 분리수거,길거리 음식 쓰레기,공연자 만지기,안내 요원 지시 불이행"
생거진천 문화축제,전통문화형,기타 전통문화,"한복 무단 촬영,셀카봉 주의,상업용 촬영 허가,드론 촬영 허가 문화재,공연 중 촬영 금지,궁궐 애완동물 반입,문화재 자전거 킥보드,인화성 물질 반입,전시장 내부 물,공연장 냄새나는 음식,공연 중 대화,박물관 아이들 소음,전시물 만지기,문화재 기대기,문화재 낙서 처벌,궁궐 꽃 꺾기,사찰 흡연 구역,전시관 동선 역주행,출입금지 구역 침입,관람 제한 구역,공사장 위험 구역,관광지 무단 투기,축제장 분리수거,길거리 음식 쓰레기,공연자 만지기,문화 해설사 방해,안내 요원 지시 불이행"
서울국악축제,전통문화형,국악 공연 관람 예절,"한복 무단 촬영,셀카봉 주의,유튜브 촬영 금지,상업용 촬영 허가,드론 촬영 허가 문화재,공연 중 촬영 금지,문화 해설 중 녹음,인화성 물질 반입,공연장 냄새나는 음식,문화재 자전거 킥보드,공연 중 대화,출입금지 구역 침입,축제장 분리수거,길거리 음식 쓰레기,공연자 만지기,문화 해설사 방해,안내 요원 지시 불이행"
서울세계도시문화축제,전통문화형,기타 전통문화,"셀카봉 주의,상업용 촬영 허가,공연 중 촬영 금지,인화성 물질 반입,공연장 냄새나는 음식,공연 중 대화,전시물 만지기,전시관 동선 역주행,출입금지 구역 침입,관람 제한 구역,관광지 무단 투기,축제장 분리수거,길거리 음식 쓰레기,공연자 만지기,안내 요원 지시 불이행"
설맞이 작은문화축전,전통문화형,전통 공방 체험 주의사항,"국보급 문화재 촬영,삼각대 금지 박물관,셀카봉 주의,상업용 촬영 허가,궁궐 애완동물 반입,박물관 큰 가방,문화재 자전거 킥보드,인화성 물질 반입,전시장 내부 물,궁궐 음주,박물관 휴대폰 통화,박물관 아이들 소음,전시물 만지기,문화재 기대기,문화재 낙서 처벌,궁궐 꽃 꺾기,사찰 흡연 구역,전시관 동선 역주행,출입금지 구역 침입,관람 제한 구역,관광지 무단 투기,축제장 분리수거,공연자 만지기,문화 해설사 방해,안내 요원 지시 불이행"
성북거리문화축제  다다페스타,전통문화형,기타 전통문화,"셀카봉 주의, 상업용 촬영 허가, 공연 중 촬영 금지, 인화성 물질 반입, 공연 중 대화, 사찰 흡연 구역, 출입금지 구역 침입, 관람 제한 구역, 공사장 위험 구역, 관광지 무단 투기, 축제장 분리수거, 길거리 음식 쓰레기, 공연자 만지기, 안내 요원 지시 불이행"
성주참외&생명문화축제,전통문화형,국악 공연 관람 예절,"제사(제례) 사진 촬영,한복 무단 촬영,국보급 문화재 촬영,셀카봉 주의,유튜브 촬영 금지,상업용 촬영 허가,드론 촬영 허가 문화재,공연 중 촬영 금지,문화 해설 중 녹음,문화재 자전거 킥보드,인화성 물질 반입,전시장 내부 물,공연장 냄새나는 음식,공연 중 대화,박물관 아이들 소음,전시물 만지기,문화재 기대기,문화재 낙서 처벌,궁궐 꽃 꺾기,제례 중 이동,전시관 동선 역주행,출입금지 구역 침입,관람 제한 구역,공사장 위험 구역,관광지 무단 투기,축제장 분리수거,길거리 음식 쓰레기,공연자 만지기,수문장 교대식 방해,문화 해설사 방해,궁궐 야생동물 먹이주기,안내 요원 지시 불이행"
세계꽃 · 문화관광축제 호수야 놀자,전통문화형,기타 전통문화,"셀카봉 주의,유튜브 촬영 금지,상업용 촬영 허가,공연 중 촬영 금지,인화성 물질 반입,공연장 냄새나는 음식,공연 중 대화,전시물 만지기,궁궐 꽃 꺾기,전시관 동선 역주행,출입금지 구역 침입,관람 제한 구역,공사장 위험 구역,관광지 무단 투기,축제장 분리수거,길거리 음식 쓰레기,공연자 만지기,안내 요원 지시 불이행"
수영전통달집놀이,전통문화형,국악 공연 관람 예절,"상업용 촬영 허가,드론 촬영 허가 문화재,공연 중 촬영 금지,셀카봉 주의,인화성 물질 반입,공연 중 대화,문화재 기대기,출입금지 구역 침입,관람 제한 구역,관광지 무단 투기,축제장 분리수거,길거리 음식 쓰레기,공연자 만지기,안내 요원 지시 불이행"
수원음식문화박람회,전통문화형,전통 시장 관광객 팁,"셀카봉 주의,상업용 촬영 허가,공연 중 촬영 금지,인화성 물질 반입,공연 중 대화,전시물 만지기,사찰 흡연 구역,전시관 동선 역주행,출입금지 구역 침입,관람 제한 구역,관광지 무단 투기,축제장 분리수거,길거리 음식 쓰레기,공연자 만지기,안내 요원 지시 불이행"
수원화성문화제,전통문화형,국악 공연 관람 예절,"제사(제례) 사진 촬영,한복 무단 촬영,국보급 문화재 촬영,셀카봉 주의,상업용 촬영 허가,드론 촬영 허가 문화재,공연 중 촬영 금지,한복 훼손,궁궐 애완동물 반입,문화재 자전거 킥보드,궁궐 돗자리,인화성 물질 반입,공연장 냄새나는 음식,궁궐 음주,공연 중 대화,전시물 만지기,문화재 기대기,문화재 낙서 처벌,궁궐 꽃 꺾기,제례 중 이동,출입금지 구역 침입,관람 제한 구역,관광지 무단 투기,축제장 분리수거,길거리 음식 쓰레기,공연자 만지기,수문장 교대식 방해,문화 해설사 방해,안내 요원 지시 불이행"
순천 낙안읍성 민속문화축제,전통문화형,한옥마을 주민 사생활,"제사(제례) 사진 촬영,한복 무단 촬영,국보급 문화재 촬영,셀카봉 주의,상업용 촬영 허가,드론 촬영 허가 문화재,공연 중 촬영 금지,한복 훼손,궁궐 애완동물 반입,문화재 자전거 킥보드,인화성 물질 반입,궁궐 음주,공연 중 대화,한옥마을 밤 소음,전시물 만지기,문화재 기대기,문화재 낙서 처벌,한옥 대문 열어보기,한옥 문고리 파손,궁궐 꽃 꺾기,출입금지 구역 침입,관람 제한 구역,한옥마을 사유지 침입,관광지 무단 투기,한옥마을 쓰레기 처리,축제장 분리수거,길거리 음식 쓰레기,공연자 만지기,수문장 교대식 방해,문화 해설사 방해,안내 요원 지시 불이행"
신라문화제,전통문화형,고분군 방문 예절,"제사(제례) 사진 촬영,한복 무단 촬영,국보급 문화재 촬영,셀카봉 주의,상업용 촬영 허가,드론 촬영 허가 문화재,공연 중 촬영 금지,문화 해설 중 녹음,한복 훼손,문화재 자전거 킥보드,인화성 물질 반입,공연장 냄새나는 음식,공연 중 대화,박물관 아이들 소음,전시물 만지기,문화재 기대기,문화재 낙서 처벌,궁궐 꽃 꺾기,사찰 흡연 구역,제례 중 이동,출입금지 구역 침입,관람 제한 구역,왕릉 능침 올라가기,공사장 위험 구역,관광지 무단 투기,축제장 분리수거,길거리 음식 쓰레기,공연자 만지기,수문장 교대식 방해,문화 해설사 방해,궁궐 야생동물 먹이주기,안내 요원 지시 불이행"
실향민문화축제,전통문화형,기타 전통문화,"제사(제례) 사진 촬영,한복 무단 촬영,셀카봉 주의,상업용 촬영 허가,공연 중 촬영 금지,인화성 물질 반입,공연장 냄새나는 음식,공연 중 대화,제례 중 이동,출입금지 구역 침입,관람 제한 구역,관광지 무단 투기,축제장 분리수거,길거리 음식 쓰레기,공연자 만지기,문화 해설사 방해,안내 요원 지시 불이행"
심훈상록문화제,전통문화형,기타 전통문화,"상업용 촬영 허가,공연 중 촬영 금지,문화 해설 중 녹음,셀카봉 주의,박물관 큰 가방,인화성 물질 반입,전시장 내부 물,공연장 냄새나는 음식,박물관 휴대폰 통화,공연 중 대화,박물관 아이들 소음,전시물 만지기,전시관 동선 역주행,출입금지 구역 침입,관광지 무단 투기,축제장 분리수거,길거리 음식 쓰레기,공연자 만지기,문화 해설사 방해,안내 요원 지시 불이행"
아라가야문화제,전통문화형,고분군 방문 예절,"국보급 문화재 촬영,삼각대 금지 박물관,셀카봉 주의,유튜브 촬영 금지,상업용 촬영 허가,드론 촬영 허가 문화재,공연 중 촬영 금지,문화 해설 중 녹음,한복 훼손,궁궐 애완동물 반입,박물관 큰 가방,문화재 자전거 킥보드,궁궐 돗자리,인화성 물질 반입,전시장 내부 물,공연장 냄새나는 음식,궁궐 음주,박물관 휴대폰 통화,공연 중 대화,박물관 아이들 소음,전시물 만지기,문화재 기대기,문화재 낙서 처벌,궁궐 꽃 꺾기,사찰 흡연 구역,전시관 동선 역주행,출입금지 구역 침입,관람 제한 구역,박물관 포토라인,왕릉 능침 올라가기,관광지 무단 투기,축제장 분리수거,길거리 음식 쓰레기,공연자 만지기,수문장 교대식 방해,문화 해설사 방해,안내 요원 지시 불이행"
안산 성호문화제,전통문화형,향교 서원 예절,"제사(제례) 사진 촬영,삼각대 금지 박물관,셀카봉 주의,상업용 촬영 허가,드론 촬영 허가 문화재,공연 중 촬영 금지,박물관 큰 가방,문화재 자전거 킥보드,인화성 물질 반입,전시장 내부 물,공연장 냄새나는 음식,박물관 휴대폰 통화,공연 중 대화,박물관 아이들 소음,전시물 만지기,문화재 기대기,문화재 낙서 처벌,제례 중 이동,전시관 동선 역주행,출입금지 구역 침입,관람 제한 구역,박물관 포토라인,관광지 무단 투기,축제장 분리수거,길거리 음식 쓰레기,공연자 만지기,문화 해설사 방해,안내 요원 지시 불이행"
양림&크리스마스 문화축제,전통문화형,기독교 순교 성지 방문,"셀카봉 주의,상업용 촬영 허가,드론 촬영 허가 문화재,공연 중 촬영 금지,궁궐 애완동물 반입,문화재 자전거 킥보드,인화성 물질 반입,공연장 냄새나는 음식,궁궐 음주,공연 중 대화,한옥마을 밤 소음,전시물 만지기,문화재 기대기,문화재 낙서 처벌,한옥 대문 열어보기,사찰 흡연 구역,출입금지 구역 침입,한옥마을 사유지 침입,관광지 무단 투기,축제장 분리수거,길거리 음식 쓰레기,공연자 만지기,안내 요원 지시 불이행"
양산삽량문화축전,전통문화형,국악 공연 관람 예절,"제사(제례) 사진 촬영,셀카봉 주의,상업용 촬영 허가,드론 촬영 허가 문화재,공연 중 촬영 금지,문화재 자전거 킥보드,인화성 물질 반입,공연 중 대화,사찰 흡연 구역,제례 중 이동,출입금지 구역 침입,관람 제한 구역,공사장 위험 구역,관광지 무단 투기,축제장 분리수거,길거리 음식 쓰레기,공연자 만지기,안내 요원 지시 불이행"
어린이 가족문화축제 하우펀 11,전통문화형,기타 전통문화,"삼각대 금지 박물관,셀카봉 주의,유튜브 촬영 금지,상업용 촬영 허가,드론 촬영 허가 문화재,공연 중 촬영 금지,문화 해설 중 녹음,박물관 큰 가방,문화재 자전거 킥보드,인화성 물질 반입,전시장 내부 물,공연장 냄새나는 음식,박물관 휴대폰 통화,공연 중 대화,박물관 아이들 소음,전시물 만지기,문화재 기대기,문화재 낙서 처벌,전시관 동선 역주행,출입금지 구역 침입,관람 제한 구역,박물관 포토라인,공사장 위험 구역,관광지 무단 투기,축제장 분리수거,길거리 음식 쓰레기,공연자 만지기,문화 해설사 방해,안내 요원 지시 불이행"
여주도자기축제,전통문화형,전통 공방 체험 주의사항,"상업용 촬영 허가,공연 중 촬영 금지,박물관 큰 가방,인화성 물질 반입,전시장 내부 물,공연장 냄새나는 음식,공연 중 대화,박물관 아이들 소음,전시물 만지기,문화재 낙서 처벌,출입금지 구역 침입,축제장 분리수거,길거리 음식 쓰레기,공연자 만지기,안내 요원 지시 불이행"
여행가는 가을 문화관광축제 홍보 기획전,전통문화형,기타 전통문화,"셀카봉 주의,상업용 촬영 허가,공연 중 촬영 금지,인화성 물질 반입,공연 중 대화,전시물 만지기,사찰 흡연 구역,전시관 동선 역주행,출입금지 구역 침입,관람 제한 구역,관광지 무단 투기,축제장 분리수거,길거리 음식 쓰레기,공연자 만지기,안내 요원 지시 불이행"
연수 능허대 문화축제,전통문화형,기타 전통문화,"한복 무단 촬영,셀카봉 주의,상업용 촬영 허가,드론 촬영 허가 문화재,공연 중 촬영 금지,인화성 물질 반입,공연장 냄새나는 음식,공연 중 대화,문화재 기대기,문화재 낙서 처벌,궁궐 꽃 꺾기,사찰 흡연 구역,출입금지 구역 침입,관람 제한 구역,관광지 무단 투기,축제장 분리수거,길거리 음식 쓰레기,공연자 만지기,수문장 교대식 방해,안내 요원 지시 불이행"
영덕 문화유산 야행,전통문화형,기타 전통문화,"국보급 문화재 촬영,셀카봉 주의,상업용 촬영 허가,드론 촬영 허가 문화재,공연 중 촬영 금지,문화 해설 중 녹음,궁궐 애완동물 반입,문화재 자전거 킥보드,인화성 물질 반입,궁궐 음주,공연 중 대화,한옥마을 밤 소음,박물관 아이들 소음,전시물 만지기,문화재 기대기,문화재 낙서 처벌,궁궐 꽃 꺾기,사찰 흡연 구역,전시관 동선 역주행,출입금지 구역 침입,관람 제한 구역,한옥마을 사유지 침입,관광지 무단 투기,축제장 분리수거,길거리 음식 쓰레기,공연자 만지기,문화 해설사 방해,안내 요원 지시 불이행"
영동난계국악축제,전통문화형,국악 공연 관람 예절,"한복 무단 촬영,상업용 촬영 허가,드론 촬영 허가 문화재,공연 중 촬영 금지,셀카봉 주의,인화성 물질 반입,공연장 냄새나는 음식,문화재 자전거 킥보드,박물관 휴대폰 통화,사찰 법당 휴대폰 벨소리,공연 중 대화,박물관 아이들 소음,전시물 만지기,문화재 기대기,사찰 흡연 구역,출입금지 구역 침입,관람 제한 구역,관광지 무단 투기,축제장 분리수거,길거리 음식 쓰레기,공연자 만지기,문화 해설사 방해,안내 요원 지시 불이행"
영암왕인문화축제,전통문화형,고분군 방문 예절,"제사(제례) 사진 촬영,국보급 문화재 촬영,셀카봉 주의,상업용 촬영 허가,드론 촬영 허가 문화재,공연 중 촬영 금지,문화 해설 중 녹음,문화재 자전거 킥보드,인화성 물질 반입,공연장 냄새나는 음식,궁궐 음주,공연 중 대화,전시물 만지기,문화재 기대기,문화재 낙서 처벌,궁궐 꽃 꺾기,사찰 흡연 구역,제례 중 이동,출입금지 구역 침입,관람 제한 구역,공사장 위험 구역,관광지 무단 투기,축제장 분리수거,길거리 음식 쓰레기,공연자 만지기,문화 해설사 방해,궁궐 야생동물 먹이주기,안내 요원 지시 불이행"
영주 한국선비문화축제,전통문화형,향교 서원 예절,"제사(제례) 사진 촬영,한복 무단 촬영,국보급 문화재 촬영,삼각대 금지 박물관,셀카봉 주의,유튜브 촬영 금지,상업용 촬영 허가,드론 촬영 허가 문화재,공연 중 촬영 금지,문화 해설 중 녹음,한복 훼손,궁궐 애완동물 반입,박물관 큰 가방,문화재 자전거 킥보드,궁궐 돗자리,인화성 물질 반입,전시장 내부 물,공연장 냄새나는 음식,궁궐 음주,박물관 휴대폰 통화,공연 중 대화,한옥마을 밤 소음,박물관 아이들 소음,전시물 만지기,문화재 기대기,문화재 낙서 처벌,한옥 대문 열어보기,한옥 문고리 파손,궁궐 꽃 꺾기,사찰 흡연 구역,제례 중 이동,전시관 동선 역주행,출입금지 구역 침입,관람 제한 구역,박물관 포토라인,한옥마을 사유지 침입,공사장 위험 구역,관광지 무단 투기,한옥마을 쓰레기 처리,축제장 분리수거,길거리 음식 쓰레기,전통 찻집 외부 음식,공연자 만지기,문화 해설사 방해,궁궐 야생동물 먹이주기,안내 요원 지시 불이행"
오늘전통축제,전통문화형,기타 전통문화,"""한복 무단 촬영"",""셀카봉 주의"",""상업용 촬영 허가"",""공연 중 촬영 금지"",""한복 훼손"",""박물관 큰 가방"",""인화성 물질 반입"",""전시장 내부 물"",""공연장 냄새나는 음식"",""공연 중 대화"",""박물관 아이들 소음"",""전시물 만지기"",""전시관 동선 역주행"",""출입금지 구역 침입"",""관람 제한 구역"",""박물관 포토라인"",""축제장 분리수거"",""길거리 음식 쓰레기"",""공연자 만지기"",""안내 요원 지시 불이행"""
오대산문화축전,전통문화형,불교 행사 사진 촬영,"스님 사진 촬영,제사(제례) 사진 촬영,법당 내부 촬영 금지,불상 사진 금지,국보급 문화재 촬영,삼각대 금지 박물관,셀카봉 주의,상업용 촬영 허가,드론 촬영 허가 문화재,공연 중 촬영 금지,문화 해설 중 녹음,사찰 노출 복장,법당 모자 착용,법당 신발 착용,박물관 큰 가방,문화재 자전거 킥보드,인화성 물질 반입,전시장 내부 물,공연장 냄새나는 음식,궁궐 음주,박물관 휴대폰 통화,사찰 법당 휴대폰 벨소리,공연 중 대화,박물관 아이들 소음,전시물 만지기,문화재 기대기,문화재 낙서 처벌,궁궐 꽃 꺾기,사찰 흡연 구역,법당 눕기,제례 중 이동,전시관 동선 역주행,출입금지 구역 침입,관람 제한 구역,사찰 스님 거주 공간,관광지 무단 투기,축제장 분리수거,길거리 음식 쓰레기,전통 찻집 외부 음식,공연자 만지기,문화 해설사 방해,궁궐 야생동물 먹이주기,안내 요원 지시 불이행"
외암민속마을 짚풀문화제,전통문화형,한옥마을 주민 사생활,"제사(제례) 사진 촬영,한복 무단 촬영,국보급 문화재 촬영,삼각대 금지 박물관,셀카봉 주의,상업용 촬영 허가,드론 촬영 허가 문화재,공연 중 촬영 금지,문화 해설 중 녹음,한복 훼손,궁궐 애완동물 반입,박물관 큰 가방,문화재 자전거 킥보드,궁궐 돗자리,인화성 물질 반입,전시장 내부 물,공연장 냄새나는 음식,궁궐 음주,공연 중 대화,한옥마을 밤 소음,전시물 만지기,문화재 기대기,문화재 낙서 처벌,한옥 대문 열어보기,한옥 문고리 파손,궁궐 꽃 꺾기,사찰 흡연 구역,제례 중 이동,전시관 동선 역주행,출입금지 구역 침입,관람 제한 구역,한옥마을 사유지 침입,관광지 무단 투기,한옥마을 쓰레기 처리,축제장 분리수거,길거리 음식 쓰레기,전통 찻집 외부 음식,공연자 만지기,문화 해설사 방해,궁궐 야생동물 먹이주기,안내 요원 지시 불이행"
울산119안전문화축제,전통문화형,기타 전통문화,"셀카봉 주의,상업용 촬영 허가,공연 중 촬영 금지,궁궐 애완동물 반입,박물관 큰 가방,문화재 자전거 킥보드,인화성 물질 반입,궁궐 음주,공연 중 대화,박물관 아이들 소음,전시물 만지기,사찰 흡연 구역,전시관 동선 역주행,출입금지 구역 침입,관람 제한 구역,박물관 포토라인,공사장 위험 구역,관광지 무단 투기,축제장 분리수거,길거리 음식 쓰레기,공연자 만지기,문화 해설사 방해,안내 요원 지시 불이행"
원주문화의거리 치맥축제,전통문화형,전통 시장 관광객 팁,"셀카봉 주의,상업용 촬영 허가,드론 촬영 허가 문화재,공연 중 촬영 금지,궁궐 애완동물 반입,박물관 큰 가방,문화재 자전거 킥보드,궁궐 돗자리,인화성 물질 반입,한옥마을 밤 소음,사찰 흡연 구역,출입금지 구역 침입,관람 제한 구역,한옥마을 사유지 침입,공사장 위험 구역,관광지 무단 투기,축제장 분리수거,길거리 음식 쓰레기,공연자 만지기,안내 요원 지시 불이행"
원주시 반려동물 문화행사  애니멀 대학,전통문화형,기타 전통문화,"셀카봉 주의,유튜브 촬영 금지,상업용 촬영 허가,공연 중 촬영 금지,문화 해설 중 녹음,인화성 물질 반입,공연장 냄새나는 음식,공연 중 대화,박물관 아이들 소음,사찰 흡연 구역,전시관 동선 역주행,출입금지 구역 침입,관람 제한 구역,공사장 위험 구역,관광지 무단 투기,축제장 분리수거,길거리 음식 쓰레기,공연자 만지기,문화 해설사 방해,안내 요원 지시 불이행"
유성온천문화축제,전통문화형,기타 전통문화,"셀카봉 주의,상업용 촬영 허가,드론 촬영 허가 문화재,공연 중 촬영 금지,궁궐 애완동물 반입,문화재 자전거 킥보드,인화성 물질 반입,공연장 냄새나는 음식,궁궐 음주,공연 중 대화,한옥마을 밤 소음,전시물 만지기,궁궐 꽃 꺾기,사찰 흡연 구역,전시관 동선 역주행,출입금지 구역 침입,관람 제한 구역,한옥마을 사유지 침입,공사장 위험 구역,관광지 무단 투기,축제장 분리수거,길거리 음식 쓰레기,공연자 만지기,안내 요원 지시 불이행"
의정부지 역사유적광장 전통무예행사,전통문화형,기타 전통문화,"셀카봉 주의,상업용 촬영 허가,드론 촬영 허가 문화재,공연 중 촬영 금지,궁궐 애완동물 반입,문화재 자전거 킥보드,인화성 물질 반입,궁궐 음주,공연 중 대화,문화재 기대기,문화재 낙서 처벌,사찰 흡연 구역,출입금지 구역 침입,관람 제한 구역,관광지 무단 투기,축제장 분리수거,공연자 만지기,안내 요원 지시 불이행"
이천도자기축제,전통문화형,전통 공방 체험 주의사항,"상업용 촬영 허가,드론 촬영 허가 문화재,공연 중 촬영 금지,박물관 큰 가방,문화재 자전거 킥보드,인화성 물질 반입,전시장 내부 물,공연장 냄새나는 음식,박물관 휴대폰 통화,공연 중 대화,박물관 아이들 소음,전시물 만지기,문화재 기대기,문화재 낙서 처벌,사찰 흡연 구역,전시관 동선 역주행,출입금지 구역 침입,관람 제한 구역,박물관 포토라인,관광지 무단 투기,축제장 분리수거,길거리 음식 쓰레기,공연자 만지기,문화 해설사 방해,안내 요원 지시 불이행"
이천체험문화축제,전통문화형,전통 공방 체험 주의사항,"셀카봉 주의,상업용 촬영 허가,공연 중 촬영 금지,인화성 물질 반입,공연장 냄새나는 음식,공연 중 대화,출입금지 구역 침입,관광지 무단 투기,축제장 분리수거,길거리 음식 쓰레기,공연자 만지기,안내 요원 지시 불이행"
익산마한문화대전,전통문화형,고분군 방문 예절,"제사(제례) 사진 촬영,한복 무단 촬영,국보급 문화재 촬영,삼각대 금지 박물관,셀카봉 주의,유튜브 촬영 금지,상업용 촬영 허가,드론 촬영 허가 문화재,공연 중 촬영 금지,문화 해설 중 녹음,한복 훼손,궁궐 애완동물 반입,박물관 큰 가방,문화재 자전거 킥보드,궁궐 돗자리,인화성 물질 반입,전시장 내부 물,공연장 냄새나는 음식,궁궐 음주,박물관 휴대폰 통화,공연 중 대화,한옥마을 밤 소음,박물관 아이들 소음,전시물 만지기,문화재 기대기,문화재 낙서 처벌,궁궐 꽃 꺾기,사찰 흡연 구역,제례 중 이동,전시관 동선 역주행,출입금지 구역 침입,관람 제한 구역,박물관 포토라인,왕릉 능침 올라가기,한옥마을 사유지 침입,공사장 위험 구역,관광지 무단 투기,축제장 분리수거,길거리 음식 쓰레기,공연자 만지기,수문장 교대식 방해,문화 해설사 방해,궁궐 야생동물 먹이주기,안내 요원 지시 불이행"
전국돌문화축제,전통문화형,전통 공방 체험 주의사항,"상업용 촬영 허가,드론 촬영 허가 문화재,공연 중 촬영 금지,인화성 물질 반입,전시장 내부 물,공연장 냄새나는 음식,공연 중 대화,전시물 만지기,사찰 흡연 구역,전시관 동선 역주행,출입금지 구역 침입,공사장 위험 구역,축제장 분리수거,길거리 음식 쓰레기,공연자 만지기,안내 요원 지시 불이행"
전남세계관광문화대전 선포식,전통문화형,기타 전통문화,"셀카봉 주의,상업용 촬영 허가,공연 중 촬영 금지,인화성 물질 반입,공연장 냄새나는 음식,공연 중 대화,전시물 만지기,출입금지 구역 침입,관람 제한 구역,관광지 무단 투기,축제장 분리수거,길거리 음식 쓰레기,공연자 만지기,안내 요원 지시 불이행"
전주국제한지산업대전,전통문화형,전통 공방 체험 주의사항,"""국보급 문화재 촬영"",""삼각대 금지 박물관"",""셀카봉 주의"",""상업용 촬영 허가"",""공연 중 촬영 금지"",""문화 해설 중 녹음"",""박물관 큰 가방"",""인화성 물질 반입"",""전시장 내부 물"",""공연장 냄새나는 음식"",""박물관 휴대폰 통화"",""공연 중 대화"",""박물관 아이들 소음"",""전시물 만지기"",""문화재 기대기"",""문화재 낙서 처벌"",""전시관 동선 역주행"",""출입금지 구역 침입"",""관람 제한 구역"",""박물관 포토라인"",""관광지 무단 투기"",""축제장 분리수거"",""공연자 만지기"",""문화 해설사 방해"",""안내 요원 지시 불이행"""
전통시장 청년상인 축제,전통문화형,전통 시장 관광객 팁,"셀카봉 주의,유튜브 촬영 금지,상업용 촬영 허가,공연 중 촬영 금지,인화성 물질 반입,공연장 냄새나는 음식,공연 중 대화,출입금지 구역 침입,관람 제한 구역,관광지 무단 투기,축제장 분리수거,길거리 음식 쓰레기,공연자 만지기,안내 요원 지시 불이행"
정동문화축제,전통문화형,기타 전통문화,"셀카봉 주의,상업용 촬영 허가,드론 촬영 허가 문화재,공연 중 촬영 금지,궁궐 애완동물 반입,박물관 큰 가방,문화재 자전거 킥보드,궁궐 돗자리,인화성 물질 반입,전시장 내부 물,공연장 냄새나는 음식,궁궐 음주,박물관 휴대폰 통화,공연 중 대화,박물관 아이들 소음,전시물 만지기,문화재 기대기,문화재 낙서 처벌,궁궐 꽃 꺾기,전시관 동선 역주행,출입금지 구역 침입,관람 제한 구역,관광지 무단 투기,축제장 분리수거,길거리 음식 쓰레기,공연자 만지기,수문장 교대식 방해,문화 해설사 방해,안내 요원 지시 불이행"
정월대보름 민속축제,전통문화형,국악 공연 관람 예절,"셀카봉 주의,상업용 촬영 허가,드론 촬영 허가 문화재,공연 중 촬영 금지,궁궐 애완동물 반입,인화성 물질 반입,공연장 냄새나는 음식,궁궐 음주,공연 중 대화,사찰 흡연 구역,출입금지 구역 침입,관람 제한 구역,관광지 무단 투기,축제장 분리수거,길거리 음식 쓰레기,공연자 만지기,안내 요원 지시 불이행"
정읍사문화제,전통문화형,국악 공연 관람 예절,"제사(제례) 사진 촬영,한복 무단 촬영,셀카봉 주의,상업용 촬영 허가,드론 촬영 허가 문화재,공연 중 촬영 금지,한복 훼손,인화성 물질 반입,공연장 냄새나는 음식,공연 중 대화,문화재 기대기,문화재 낙서 처벌,제례 중 이동,출입금지 구역 침입,관광지 무단 투기,축제장 분리수거,길거리 음식 쓰레기,공연자 만지기,안내 요원 지시 불이행"
정조효문화제,전통문화형,왕릉 관람 주의사항,"제사(제례) 사진 촬영,한복 무단 촬영,국보급 문화재 촬영,셀카봉 주의,상업용 촬영 허가,드론 촬영 허가 문화재,공연 중 촬영 금지,궁궐 애완동물 반입,문화재 자전거 킥보드,인화성 물질 반입,공연장 냄새나는 음식,궁궐 음주,공연 중 대화,전시물 만지기,문화재 기대기,문화재 낙서 처벌,궁궐 꽃 꺾기,제례 중 이동,출입금지 구역 침입,왕릉 능침 올라가기,관광지 무단 투기,축제장 분리수거,길거리 음식 쓰레기,공연자 만지기,수문장 교대식 방해,안내 요원 지시 불이행"
제24회 경로국악 대공연 The Present,전통문화형,국악 공연 관람 예절,"공연 중 촬영 금지,박물관 큰 가방,인화성 물질 반입,공연장 냄새나는 음식,공연 중 대화,출입금지 구역 침입,축제장 분리수거,공연자 만지기,안내 요원 지시 불이행"
제3회 발달장애인 문화예술페스티벌,전통문화형,기타 전통문화,"상업용 촬영 허가,공연 중 촬영 금지,셀카봉 주의,박물관 큰 가방,인화성 물질 반입,전시장 내부 물,공연장 냄새나는 음식,공연 중 대화,출입금지 구역 침입,관람 제한 구역,축제장 분리수거,길거리 음식 쓰레기,공연자 만지기,안내 요원 지시 불이행"
제주마 입목 문화축제,전통문화형,기타 전통문화,"국보급 문화재 촬영,셀카봉 주의,상업용 촬영 허가,드론 촬영 허가 문화재,공연 중 촬영 금지,궁궐 애완동물 반입,문화재 자전거 킥보드,인화성 물질 반입,전시장 내부 물,공연장 냄새나는 음식,궁궐 음주,공연 중 대화,전시물 만지기,문화재 기대기,문화재 낙서 처벌,궁궐 꽃 꺾기,사찰 흡연 구역,전시관 동선 역주행,출입금지 구역 침입,관람 제한 구역,관광지 무단 투기,축제장 분리수거,길거리 음식 쓰레기,공연자 만지기,문화 해설사 방해,궁궐 야생동물 먹이주기,안내 요원 지시 불이행"
제주민속촌 감물 및 봉숭아 물들이기 체험행사,전통문화형,전통 공방 체험 주의사항,"셀카봉 주의,상업용 촬영 허가,드론 촬영 허가 문화재,한복 훼손,궁궐 애완동물 반입,박물관 큰 가방,문화재 자전거 킥보드,인화성 물질 반입,궁궐 음주,박물관 아이들 소음,전시물 만지기,문화재 기대기,문화재 낙서 처벌,한옥 대문 열어보기,궁궐 꽃 꺾기,사찰 흡연 구역,출입금지 구역 침입,관람 제한 구역,관광지 무단 투기,축제장 분리수거,길거리 음식 쓰레기,문화 해설사 방해,궁궐 야생동물 먹이주기,안내 요원 지시 불이행"
제주민속촌 국화축제,전통문화형,기타 전통문화,"국보급 문화재 촬영,셀카봉 주의,상업용 촬영 허가,드론 촬영 허가 문화재,한복 훼손,궁궐 애완동물 반입,문화재 자전거 킥보드,인화성 물질 반입,궁궐 음주,전시물 만지기,문화재 기대기,문화재 낙서 처벌,한옥 대문 열어보기,한옥 문고리 파손,궁궐 꽃 꺾기,사찰 흡연 구역,출입금지 구역 침입,관람 제한 구역,관광지 무단 투기,축제장 분리수거,길거리 음식 쓰레기,공연자 만지기,안내 요원 지시 불이행"
제주민속촌 수국축제,전통문화형,한복 체험 예절,"""한복 무단 촬영"",""셀카봉 주의"",""상업용 촬영 허가"",""드론 촬영 허가 문화재"",""공연 중 촬영 금지"",""한복 훼손"",""궁궐 애완동물 반입"",""문화재 자전거 킥보드"",""궁궐 돗자리"",""인화성 물질 반입"",""궁궐 음주"",""전시물 만지기"",""문화재 기대기"",""문화재 낙서 처벌"",""한옥 대문 열어보기"",""한옥 문고리 파손"",""궁궐 꽃 꺾기"",""사찰 흡연 구역"",""출입금지 구역 침입"",""관람 제한 구역"",""관광지 무단 투기"",""축제장 분리수거"",""길거리 음식 쓰레기"",""공연자 만지기"",""안내 요원 지시 불이행"""
처인성문화제,전통문화형,문화재 만지지 마세요,"스님 사진 촬영,제사(제례) 사진 촬영,국보급 문화재 촬영,셀카봉 주의,상업용 촬영 허가,드론 촬영 허가 문화재,공연 중 촬영 금지,문화 해설 중 녹음,한복 훼손,궁궐 애완동물 반입,문화재 자전거 킥보드,인화성 물질 반입,전시장 내부 물,공연장 냄새나는 음식,궁궐 음주,공연 중 대화,박물관 아이들 소음,전시물 만지기,문화재 기대기,문화재 낙서 처벌,궁궐 꽃 꺾기,사찰 흡연 구역,제례 중 이동,전시관 동선 역주행,출입금지 구역 침입,관람 제한 구역,관광지 무단 투기,축제장 분리수거,길거리 음식 쓰레기,공연자 만지기,문화 해설사 방해,안내 요원 지시 불이행"
천안문화도시 페스타,전통문화형,기타 전통문화,"스님 사진 촬영,셀카봉 주의,상업용 촬영 허가,공연 중 촬영 금지,인화성 물질 반입,공연장 냄새나는 음식,공연 중 대화,전시물 만지기,사찰 흡연 구역,출입금지 구역 침입,관람 제한 구역,관광지 무단 투기,축제장 분리수거,길거리 음식 쓰레기,공연자 만지기,문화 해설사 방해,안내 요원 지시 불이행"
청도 정월대보름민속한마당,전통문화형,기타 전통문화,"셀카봉 주의,상업용 촬영 허가,드론 촬영 허가 문화재,인화성 물질 반입,사찰 흡연 구역,출입금지 구역 침입,관람 제한 구역,관광지 무단 투기,축제장 분리수거,길거리 음식 쓰레기,안내 요원 지시 불이행"
충청권생활문화축제,전통문화형,국악 공연 관람 예절,"셀카봉 주의,유튜브 촬영 금지,상업용 촬영 허가,드론 촬영 허가 문화재,공연 중 촬영 금지,궁궐 애완동물 반입,문화재 자전거 킥보드,궁궐 돗자리,인화성 물질 반입,전시장 내부 물,공연장 냄새나는 음식,궁궐 음주,공연 중 대화,전시물 만지기,문화재 기대기,문화재 낙서 처벌,궁궐 꽃 꺾기,사찰 흡연 구역,전시관 동선 역주행,출입금지 구역 침입,관람 제한 구역,관광지 무단 투기,축제장 분리수거,길거리 음식 쓰레기,공연자 만지기,궁궐 야생동물 먹이주기,안내 요원 지시 불이행"
탐라문화제,전통문화형,기타 전통문화,"제사(제례) 사진 촬영,셀카봉 주의,상업용 촬영 허가,드론 촬영 허가 문화재,공연 중 촬영 금지,문화재 자전거 킥보드,인화성 물질 반입,공연장 냄새나는 음식,공연 중 대화,전시물 만지기,문화재 기대기,문화재 낙서 처벌,제례 중 이동,출입금지 구역 침입,관광지 무단 투기,축제장 분리수거,길거리 음식 쓰레기,공연자 만지기,문화 해설사 방해,안내 요원 지시 불이행"
태백 쇠바우골 탄광문화 고기축제,전통문화형,전통 시장 관광객 팁,"셀카봉 주의,상업용 촬영 허가,공연 중 촬영 금지,인화성 물질 반입,공연 중 대화,전시물 만지기,출입금지 구역 침입,관람 제한 구역,관광지 무단 투기,축제장 분리수거,길거리 음식 쓰레기,공연자 만지기,문화 해설사 방해,안내 요원 지시 불이행"
평창효석문화제,전통문화형,전통 시장 관광객 팁,"셀카봉 주의,상업용 촬영 허가,드론 촬영 허가 문화재,공연 중 촬영 금지,문화 해설 중 녹음,문화재 자전거 킥보드,궁궐 돗자리,인화성 물질 반입,공연장 냄새나는 음식,궁궐 음주,공연 중 대화,전시물 만지기,문화재 기대기,문화재 낙서 처벌,궁궐 꽃 꺾기,사찰 흡연 구역,전시관 동선 역주행,출입금지 구역 침입,관람 제한 구역,한옥마을 사유지 침입,공사장 위험 구역,관광지 무단 투기,축제장 분리수거,길거리 음식 쓰레기,전통 찻집 외부 음식,공연자 만지기,문화 해설사 방해,궁궐 야생동물 먹이주기,안내 요원 지시 불이행"
평택거리문화축제,전통문화형,기타 전통문화,"셀카봉 주의,상업용 촬영 허가,공연 중 촬영 금지,인화성 물질 반입,공연장 냄새나는 음식,공연 중 대화,출입금지 구역 침입,관람 제한 구역,공사장 위험 구역,관광지 무단 투기,축제장 분리수거,길거리 음식 쓰레기,공연자 만지기,안내 요원 지시 불이행"
포항 장기유배문화제,전통문화형,문화재 만지지 마세요,"제사(제례) 사진 촬영,한복 무단 촬영,국보급 문화재 촬영,셀카봉 주의,상업용 촬영 허가,드론 촬영 허가 문화재,공연 중 촬영 금지,문화 해설 중 녹음,박물관 큰 가방,문화재 자전거 킥보드,인화성 물질 반입,전시장 내부 물,공연장 냄새나는 음식,박물관 휴대폰 통화,공연 중 대화,박물관 아이들 소음,전시물 만지기,문화재 기대기,문화재 낙서 처벌,궁궐 꽃 꺾기,제례 중 이동,전시관 동선 역주행,출입금지 구역 침입,관람 제한 구역,한옥마을 사유지 침입,관광지 무단 투기,축제장 분리수거,길거리 음식 쓰레기,공연자 만지기,문화 해설사 방해,안내 요원 지시 불이행"
포항 해병대 문화축제,전통문화형,기타 전통문화,"셀카봉 주의,상업용 촬영 허가,드론 촬영 허가 문화재,공연 중 촬영 금지,궁궐 애완동물 반입,박물관 큰 가방,문화재 자전거 킥보드,인화성 물질 반입,공연장 냄새나는 음식,궁궐 음주,공연 중 대화,박물관 아이들 소음,전시물 만지기,문화재 기대기,문화재 낙서 처벌,궁궐 꽃 꺾기,사찰 흡연 구역,전시관 동선 역주행,출입금지 구역 침입,관람 제한 구역,박물관 포토라인,공사장 위험 구역,관광지 무단 투기,축제장 분리수거,길거리 음식 쓰레기,공연자 만지기,수문장 교대식 방해,문화 해설사 방해,안내 요원 지시 불이행"
하동야생차문화축제,전통문화형,전통 찻집 예절,"셀카봉 주의,상업용 촬영 허가,드론 촬영 허가 문화재,공연 중 촬영 금지,문화 해설 중 녹음,인화성 물질 반입,공연장 냄새나는 음식,공연 중 대화,박물관 아이들 소음,전시물 만지기,문화재 낙서 처벌,궁궐 꽃 꺾기,사찰 흡연 구역,출입금지 구역 침입,관람 제한 구역,공사장 위험 구역,관광지 무단 투기,축제장 분리수거,길거리 음식 쓰레기,전통 찻집 외부 음식,공연자 만지기,문화 해설사 방해,궁궐 야생동물 먹이주기,안내 요원 지시 불이행"
한국-튀르키예 문화협력 및 우호 콘서트 튀르키예 대통령 심포니 오케스트라 & 피아니스트 김홍기,전통문화형,기타 전통문화,"공연 중 촬영 금지,인화성 물질 반입,공연장 냄새나는 음식,공연 중 대화,출입금지 구역 침입,축제장 분리수거,공연자 만지기,안내 요원 지시 불이행"
한국민속예술제,전통문화형,국악 공연 관람 예절,"한복 무단 촬영,셀카봉 주의,상업용 촬영 허가,드론 촬영 허가 문화재,공연 중 촬영 금지,인화성 물질 반입,공연장 냄새나는 음식,공연 중 대화,문화재 기대기,문화재 낙서 처벌,출입금지 구역 침입,관광지 무단 투기,축제장 분리수거,길거리 음식 쓰레기,공연자 만지기,안내 요원 지시 불이행"
한국유교문화축전,전통문화형,향교 서원 예절,"제사(제례) 사진 촬영,한복 무단 촬영,국보급 문화재 촬영,삼각대 금지 박물관,셀카봉 주의,유튜브 촬영 금지,상업용 촬영 허가,드론 촬영 허가 문화재,공연 중 촬영 금지,문화 해설 중 녹음,한복 훼손,궁궐 애완동물 반입,박물관 큰 가방,문화재 자전거 킥보드,궁궐 돗자리,인화성 물질 반입,전시장 내부 물,공연장 냄새나는 음식,궁궐 음주,박물관 휴대폰 통화,공연 중 대화,박물관 아이들 소음,전시물 만지기,문화재 기대기,문화재 낙서 처벌,궁궐 꽃 꺾기,사찰 흡연 구역,제례 중 이동,전시관 동선 역주행,출입금지 구역 침입,관람 제한 구역,박물관 포토라인,공사장 위험 구역,관광지 무단 투기,축제장 분리수거,길거리 음식 쓰레기,전통 찻집 외부 음식,공연자 만지기,문화 해설사 방해,궁궐 야생동물 먹이주기,안내 요원 지시 불이행"
한복문화주간,전통문화형,한복 체험 예절,"""한복 무단 촬영"",""국보급 문화재 촬영"",""삼각대 금지 박물관"",""셀카봉 주의"",""유튜브 촬영 금지"",""상업용 촬영 허가"",""드론 촬영 허가 문화재"",""공연 중 촬영 금지"",""한복 훼손"",""궁궐 애완동물 반입"",""박물관 큰 가방"",""문화재 자전거 킥보드"",""궁궐 돗자리"",""인화성 물질 반입"",""전시장 내부 물"",""공연장 냄새나는 음식"",""궁궐 음주"",""박물관 휴대폰 통화"",""공연 중 대화"",""박물관 아이들 소음"",""전시물 만지기"",""문화재 기대기"",""문화재 낙서 처벌"",""궁궐 꽃 꺾기"",""전시관 동선 역주행"",""출입금지 구역 침입"",""관람 제한 구역"",""박물관 포토라인"",""관광지 무단 투기"",""축제장 분리수거"",""길거리 음식 쓰레기"",""공연자 만지기"",""문화 해설사 방해"",""안내 요원 지시 불이행"""
한복사랑 인천시민 놀이마당,전통문화형,한복 체험 예절,"한복 무단 촬영,셀카봉 주의,상업용 촬영 허가,공연 중 촬영 금지,한복 훼손,인화성 물질 반입,공연장 냄새나는 음식,공연 중 대화,궁궐 꽃 꺾기,출입금지 구역 침입,관람 제한 구역,관광지 무단 투기,축제장 분리수거,길거리 음식 쓰레기,공연자 만지기,안내 요원 지시 불이행"
한산모시문화제,전통문화형,전통 공방 체험 주의사항,"한복 무단 촬영,국보급 문화재 촬영,삼각대 금지 박물관,셀카봉 주의,상업용 촬영 허가,드론 촬영 허가 문화재,공연 중 촬영 금지,문화 해설 중 녹음,한복 훼손,박물관 큰 가방,문화재 자전거 킥보드,인화성 물질 반입,전시장 내부 물,공연장 냄새나는 음식,박물관 휴대폰 통화,공연 중 대화,박물관 아이들 소음,전시물 만지기,문화재 기대기,문화재 낙서 처벌,전시관 동선 역주행,출입금지 구역 침입,관람 제한 구역,박물관 포토라인,관광지 무단 투기,축제장 분리수거,길거리 음식 쓰레기,공연자 만지기,문화 해설사 방해,안내 요원 지시 불이행"
한옥마을전통연희 퍼레이드-노상놀이야,전통문화형,국악 공연 관람 예절,"한복 무단 촬영,셀카봉 주의,상업용 촬영 허가,드론 촬영 허가 문화재,문화재 자전거 킥보드,인화성 물질 반입,공연 중 대화,한옥마을 밤 소음,문화재 기대기,문화재 낙서 처벌,한옥 대문 열어보기,한옥 문고리 파손,출입금지 구역 침입,관람 제한 구역,한옥마을 사유지 침입,관광지 무단 투기,한옥마을 쓰레기 처리,축제장 분리수거,길거리 음식 쓰레기,공연자 만지기,문화 해설사 방해,안내 요원 지시 불이행"
한중일 음식문화축제,전통문화형,전통 시장 관광객 팁,"셀카봉 주의,상업용 촬영 허가,공연 중 촬영 금지,인화성 물질 반입,공연장 냄새나는 음식,공연 중 대화,출입금지 구역 침입,관광지 무단 투기,축제장 분리수거,길거리 음식 쓰레기,공연자 만지기,안내 요원 지시 불이행"
행복 나눔 음악회 ‘문화로운 화원’,전통문화형,국악 공연 관람 예절,"셀카봉 주의,유튜브 촬영 금지,상업용 촬영 허가,공연 중 촬영 금지,박물관 큰 가방,인화성 물질 반입,전시장 내부 물,공연장 냄새나는 음식,박물관 휴대폰 통화,공연 중 대화,박물관 아이들 소음,사찰 흡연 구역,출입금지 구역 침입,관람 제한 구역,관광지 무단 투기,축제장 분리수거,공연자 만지기,안내 요원 지시 불이행"
허난설헌문화제,전통문화형,기타 전통문화,"셀카봉 주의,상업용 촬영 허가,공연 중 촬영 금지,문화 해설 중 녹음,문화재 자전거 킥보드,인화성 물질 반입,공연장 냄새나는 음식,궁궐 음주,공연 중 대화,박물관 아이들 소음,전시물 만지기,문화재 낙서 처벌,궁궐 꽃 꺾기,사찰 흡연 구역,전시관 동선 역주행,출입금지 구역 침입,관람 제한 구역,공사장 위험 구역,관광지 무단 투기,축제장 분리수거,길거리 음식 쓰레기,공연자 만지기,문화 해설사 방해,안내 요원 지시 불이행"
"화북, 포구문화제",전통문화형,기타 전통문화,"셀카봉 주의,상업용 촬영 허가,드론 촬영 허가 문화재,공연 중 촬영 금지,문화 해설 중 녹음,인화성 물질 반입,문화재 자전거 킥보드,공연장 냄새나는 음식,공연 중 대화,한옥마을 밤 소음,전시물 만지기,문화재 기대기,문화재 낙서 처벌,궁궐 꽃 꺾기,사찰 흡연 구역,출입금지 구역 침입,관람 제한 구역,한옥마을 사유지 침입,관광지 무단 투기,축제장 분리수거,길거리 음식 쓰레기,공연자 만지기,문화 해설사 방해,궁궐 야생동물 먹이주기,안내 요원 지시 불이행"
화순운주문화축제,전통문화형,불교 행사 사진 촬영,"스님 사진 촬영,법당 내부 촬영 금지,불상 사진 금지,국보급 문화재 촬영,셀카봉 주의,상업용 촬영 허가,드론 촬영 허가 문화재,공연 중 촬영 금지,문화 해설 중 녹음,사찰 노출 복장,법당 모자 착용,법당 신발 착용,문화재 자전거 킥보드,인화성 물질 반입,전시장 내부 물,공연장 냄새나는 음식,사찰 법당 휴대폰 벨소리,공연 중 대화,전시물 만지기,문화재 기대기,문화재 낙서 처벌,사찰 흡연 구역,법당 눕기,전시관 동선 역주행,출입금지 구역 침입,관람 제한 구역,사찰 스님 거주 공간,관광지 무단 투기,축제장 분리수거,길거리 음식 쓰레기,공연자 만지기,문화 해설사 방해,안내 요원 지시 불이행"